NODE_ID,STATE_NAME,NEM_REGION,NEM_ZONE,VOLTAGE_KV,RRN,PROP_REG_D,LATITUDE,LONGITUDE
1,Queensland,QLD1,SEQ,132,0,0.007512406408850983,-24.9171415,152.299799
2,Queensland,QLD1,SEQ,132,0,0.009359728316174891,-24.939046,152.366053
3,Tasmania,TAS1,TAS,110,0,0.0657470347304988,-42.8732618409999,147.321012673
4,New South Wales,NSW1,SWNSW,132,0,0.0007234558751980645,-35.994149701,146.984690813
5,New South Wales,NSW1,SWNSW,330,0,0.0007199417559571461,-35.9253464999999,146.908546
6,New South Wales,NSW1,SWNSW,132,0,0.0006392477857247183,-35.9408672229999,146.396861379
7,Queensland,QLD1,SEQ,110,0,0.004972396895427879,-28.026001724,153.429751683
8,New South Wales,NSW1,SWNSW,132,0,0.0015044527228596917,-35.9714583099999,146.390375809
9,South Australia,SA1,NSA,275,0,0.0002573822617444565,-33.348652,138.751659
10,South Australia,SA1,ADE,132,0,0.013301501207446356,-35.079285,138.852368
11,South Australia,SA1,ADE,275,0,0.09775509339668521,-35.113283,138.5498425
12,South Australia,SA1,ADE,275,0,0.06799147479945941,-35.051979581,138.57672725
13,South Australia,SA1,ADE,275,0,0.01975307376928565,-35.094976102,138.645881786
14,South Australia,SA1,ADE,275,0,0.013945320005910719,-35.0847500429999,138.848607084
16,New South Wales,NSW1,CAN,132,0,0.0012278716310272048,-36.218199308,149.140275146
18,New South Wales,NSW1,CAN,132,0,0.004656120358721106,-36.715824714,149.841127241
20,Tasmania,TAS1,TAS,110,0,0.01057383411253132,-42.8599365659999,147.40770179
21,Tasmania,TAS1,TAS,110,0,0.0011294015695365465,-42.780562,147.0786275
22,Tasmania,TAS1,TAS,220,0,0.025201942954585024,-42.824883879,147.349386506
23,Tasmania,TAS1,TAS,110,0,0.011826731915834188,-42.7450855,147.454073
24,Tasmania,TAS1,TAS,220,0,0.04603081470935123,-42.84308091,147.254959795
25,Tasmania,TAS1,TAS,110,0,0.006536108857928445,-42.7799454999999,147.0766645
26,Tasmania,TAS1,TAS,110,0,0.015935388253653305,-42.859474083,147.2917515
27,Tasmania,TAS1,TAS,110,0,0.038507376749002564,-42.731517099,147.231253642
28,Tasmania,TAS1,TAS,110,0,0.02842860201498013,-42.776239995,147.555391799
29,Tasmania,TAS1,TAS,110,0,0.010924709300159674,-42.973097031,147.267753989
30,New South Wales,NSW1,SWNSW,132,0,0.0005271951304393003,-34.4894182429999,144.878289416
31,Queensland,QLD1,SWQ,110,0,0.007577585393149211,-27.5563544999999,151.899565
32,Queensland,QLD1,SWQ,110,0,5.2460726337345374e-05,-27.419604576,151.679507644
33,New South Wales,NSW1,NCEN,330,0,0.011794112243701216,-34.0143424999999,150.851327
34,New South Wales,NSW1,NCEN,132,0,0.005024249596061526,-34.5523464999999,150.4067615
35,Victoria,VIC1,LV,500,0,0.002045261265319378,-38.2535999999999,146.574569
39,Queensland,QLD1,SEQ,110,0,0.00260296817321797,-27.557512,153.0086735
40,Victoria,VIC1,MEL,500,0,0.001036696398567333,-38.1807729999999,141.639092
41,Victoria,VIC1,MEL,500,0,0.0018703112038959354,-38.3868613929999,141.625549734
42,New South Wales,NSW1,NCEN,132,0,0.001272279167711112,-32.8151195,151.7652155
43,New South Wales,NSW1,NCEN,330,0,0.0011380788736114666,-32.927607,151.561532
44,New South Wales,NSW1,NCEN,330,0,0.0004914186685695989,-32.8217739629999,151.714151396
45,New South Wales,NSW1,NCEN,132,0,0.0010786593980216133,-32.713387364,151.696487738
46,New South Wales,NSW1,NCEN,132,0,0.002525084895558583,-32.7994500569999,151.637938108
47,New South Wales,NSW1,NCEN,132,0,0.0034489777850315235,-32.785631796,151.479546316
48,New South Wales,NSW1,NCEN,330,0,0.0008584606946938952,-32.805985,151.5001815
49,New South Wales,NSW1,NCEN,330,0,0.0012250254088958781,-32.8938865,151.714763
50,New South Wales,NSW1,NCEN,132,0,0.000987171104448472,-32.5795439409999,151.072531335
51,New South Wales,NSW1,NCEN,132,0,0.002515199821524702,-32.894967268,151.712777682
52,New South Wales,NSW1,NCEN,132,0,0.003901003858182004,-33.885719101,151.06472609
53,New South Wales,NSW1,NCEN,330,0,0.0008182795936937203,-33.159164416,151.541664586
54,New South Wales,NSW1,NCEN,132,0,0.0005371253888602902,-33.112070208,151.476334018
55,New South Wales,NSW1,NCEN,132,0,0.012982485044511133,-33.912039539,151.162297111
56,New South Wales,NSW1,NCEN,132,0,0.000623196197008748,-33.8732070849999,151.202730418
57,New South Wales,NSW1,NCEN,500,0,1.1777427597797721e-06,-33.0618120899999,151.515454691
58,New South Wales,NSW1,NCEN,132,0,0.003284212386348873,-33.0331646939999,151.561714611
59,New South Wales,NSW1,NCEN,132,0,0.0010125723087265925,-33.2093801199999,151.53790877
60,New South Wales,NSW1,NCEN,132,0,0.0053010645112683795,-33.9215719439999,151.115949101
62,Queensland,QLD1,SEQ,132,0,0.03665781646753694,-26.7089119999999,153.0690135
63,Queensland,QLD1,SEQ,110,0,0.012316100051418285,-26.402756149,153.0688275
64,Queensland,QLD1,SWQ,110,0,0.005597454878676133,-27.536646705,152.278223636
65,New South Wales,NSW1,NCEN,132,0,0.007258994540351646,-33.7425611539999,151.15650247
66,Queensland,QLD1,NQ,132,0,0.007981515907842872,-19.269056113,146.77817116
67,Queensland,QLD1,NQ,132,0,0.001776504089514992,-19.517301,147.1074725
68,Queensland,QLD1,NQ,132,0,0.001168260721181824,-19.8368599999999,147.2125915
69,Queensland,QLD1,NQ,275,0,0.0006310383945304899,-19.888718083,147.207900929
70,Queensland,QLD1,NQ,132,0,0.0003940724391672102,-19.580663,147.064229
71,New South Wales,NSW1,NCEN,132,0,0.004876804819467933,-33.76167613,151.194065814
72,New South Wales,NSW1,NCEN,132,0,0.0009189029340760367,-33.6663129999999,151.002759
73,Australian Capital Territory,NSW1,CAN,132,0,0.0016963356954612337,-35.2695188289999,149.109032779
74,Australian Capital Territory,NSW1,CAN,132,0,0.007324005726967172,-35.2151291069999,149.037775438
75,Victoria,VIC1,CVIC,220,0,0.003708172506471557,-36.737651962,144.510810861
76,Victoria,VIC1,CVIC,220,0,0.0024288989576706763,-36.738229496,144.510620847
77,Tasmania,TAS1,TAS,110,0,0.0016877795576035076,-40.854058833,145.378079264
78,Tasmania,TAS1,TAS,110,0,0.010326951490465277,-40.848092993,145.131060876
79,New South Wales,NSW1,CAN,132,0,0.0022106132734127345,-33.849724,148.675785
80,New South Wales,NSW1,NCEN,132,0,0.0016982727434452511,-33.3652875399999,148.01966182
81,New South Wales,NSW1,NCEN,132,0,0.0015439919385314368,-33.1027340759999,148.074989925
82,New South Wales,NSW1,NCEN,132,0,0.0007085410999509739,-33.1798969709999,148.716948416
83,New South Wales,NSW1,NCEN,132,0,0.0009830152636170087,-33.466352888,148.992817715
84,Tasmania,TAS1,TAS,110,0,5.069107175672977e-05,-42.26689751,146.261758099
85,New South Wales,NSW1,NCEN,132,0,0.00041578724638505785,-33.0868895359999,148.898958408
86,Tasmania,TAS1,TAS,220,0,7.839780873968898e-05,-42.50642303,146.681162321
87,Tasmania,TAS1,TAS,220,0,3.116830867641265e-05,-42.4523811459999,146.597686664
88,Victoria,VIC1,LV,500,0,0.00908013565623205,-38.262303039,146.608084507
89,Queensland,QLD1,NQ,132,0,0.0023420363615384524,-20.101565685,146.280282395
90,Queensland,QLD1,SWQ,132,0,0.003742469556174909,-26.5781155,148.8399335
91,Queensland,QLD1,CQ,132,0,0.0015552779062359145,-23.4434029999999,150.5014755
92,New South Wales,NSW1,NCEN,132,0,0.004874739272402247,-33.84205166,150.911674939
93,New South Wales,NSW1,NCEN,330,0,4.914470169373166e-06,-33.403181111,150.080755047
94,New South Wales,NSW1,NCEN,132,0,0.003879179855680436,-33.5784680529999,150.705077607
95,Queensland,QLD1,NQ,132,0,2.406805592880052e-05,-21.691752783,148.210361506
96,Queensland,QLD1,SEQ,110,0,0.025623282892836604,-27.546467,153.2528405
97,Queensland,QLD1,SEQ,110,0,0.0008745423339739542,-27.5185549999999,153.489134
98,Queensland,QLD1,SEQ,110,0,0.0004727276676184595,-27.615862321,153.438988446
99,Queensland,QLD1,SEQ,110,0,0.0015396902688587827,-27.733449,153.327607
100,Queensland,QLD1,SEQ,110,0,0.0026887955773255263,-27.4478425,153.110508
101,South Australia,SA1,NSA,132,0,2.837698254980958e-05,-31.2347679759999,136.831520699
102,South Australia,SA1,NSA,132,0,4.591418251988674e-05,-31.147276201,136.801811115
103,Queensland,QLD1,SEQ,275,0,0.004338487984036041,-27.732275822,152.956373085
104,Queensland,QLD1,SEQ,110,0,0.004738870080397827,-27.04982811,152.916730239
105,Queensland,QLD1,SEQ,110,0,0.004871066517782765,-27.6116796049999,152.726698367
106,Queensland,QLD1,SWQ,110,0,0.0021289569404717573,-27.533195974,152.066299286
107,South Australia,SA1,NSA,275,0,0.0003910528791716163,-33.346642404,138.751867736
108,Queensland,QLD1,SEQ,132,0,0.013150232746790745,-27.4508395,152.971964
109,Queensland,QLD1,SEQ,275,0,0.0009755336678070978,-27.660065457,152.814452112
110,Queensland,QLD1,SEQ,275,0,0.00200490968525683,-27.5409779999999,152.7858575
111,Queensland,QLD1,SEQ,275,0,0.0005807755991612579,-27.655164234,152.818939657
112,Queensland,QLD1,SEQ,110,0,0.007807861960020946,-27.6306754999999,152.7788835
113,Queensland,QLD1,SEQ,110,0,0.002650326281337172,-27.573146849,152.71895903
114,Queensland,QLD1,SEQ,110,0,0.00017915438481763495,-27.6497518639999,152.814686565
115,Queensland,QLD1,SEQ,275,0,0.00039401479770296975,-27.647566,152.8121335
116,Queensland,QLD1,SEQ,110,0,0.011739954431700114,-27.0690655,152.9490425
117,Queensland,QLD1,SEQ,110,0,0.006186080777394358,-27.5634229999999,152.901540649
118,New South Wales,NSW1,SWNSW,132,0,0.0021786963659514076,-34.602531713,146.396478496
119,New South Wales,NSW1,SWNSW,330,0,8.711300598673908e-05,-34.648923,146.0351625
120,New South Wales,NSW1,SWNSW,132,0,0.0031014412405802913,-34.315532,146.109415
121,South Australia,SA1,ADE,275,0,0.046058985289395206,-34.847523247,138.580604119
122,South Australia,SA1,ADE,275,0,8.687430495127585e-06,-34.805171,138.52262
123,South Australia,SA1,ADE,275,0,0.08254005340040224,-34.735692,138.711882
124,South Australia,SA1,NSA,275,0,0.0006004565184146785,-34.461692403,138.76804426
125,South Australia,SA1,NSA,132,0,6.613185160440263e-05,-34.00102479,138.910931499
126,South Australia,SA1,NSA,132,0,0.000721092217695482,-34.0017433789999,138.910926254
127,South Australia,SA1,ADE,132,0,0.00810449476266414,-34.833608515,138.806362843
128,South Australia,SA1,ADE,275,0,0.061443243361827965,-34.910803824,138.682017722
129,South Australia,SA1,ADE,275,0,0.0011391057024582826,-34.7655537209999,138.506911921
130,South Australia,SA1,ADE,275,1,0.004261768685769284,-34.779593317,138.509270688
131,New South Wales,NSW1,NCEN,132,0,0.005222474675933693,-33.4302198729999,149.521361225
132,New South Wales,NSW1,NCEN,132,0,0.0007017059591565733,-33.687299853,149.856773096
133,New South Wales,NSW1,NCEN,132,0,0.002648994946335134,-33.2742118159999,149.108416319
134,New South Wales,NSW1,NCEN,132,0,0.002795016249745488,-33.2796915,149.1059045
135,Queensland,QLD1,SEQ,110,0,0.008569739941108722,-27.7204705,153.209126
136,Tasmania,TAS1,TAS,110,0,0.023149369908849592,-43.0573118089999,147.26129062
137,Tasmania,TAS1,TAS,110,0,0.014248742560916653,-43.0229495,147.0739325
138,New South Wales,NSW1,NCEN,330,0,0.0004931993655371782,-34.72380026,150.481713906
139,Victoria,VIC1,MEL,220,0,0.009358947834568847,-37.82519109,144.929430749
140,Victoria,VIC1,MEL,220,0,0.0446414467364431,-37.7726698179999,144.984333275
141,Victoria,VIC1,MEL,500,0,0.05209250595388468,-37.676163151,144.747212622
142,Victoria,VIC1,MEL,500,0,0.03863546426794042,-37.7382385929999,144.846176377
143,Victoria,VIC1,MEL,220,0,0.0014435852937750035,-37.7299527769999,144.011535365
144,Victoria,VIC1,MEL,220,0,0.028364992718677626,-37.800340514,144.934853281
145,Victoria,VIC1,MEL,220,0,0.009505953822261045,-37.838848,144.7893805
146,Victoria,VIC1,MEL,220,0,0.014049901671708342,-37.8259672,144.861785603
147,Victoria,VIC1,MEL,220,0,0.006021892848845736,-37.841462,144.894197
148,Queensland,QLD1,NQ,275,0,0.003123022825032487,-16.95595307,145.751813602
149,Queensland,QLD1,NQ,132,0,0.005751001401374259,-16.9462543879999,145.755062506
150,Queensland,QLD1,NQ,132,0,8.188628153869871e-05,-16.692974326,145.346710291
151,Queensland,QLD1,NQ,132,0,0.009377739717643984,-16.977650866,145.754860709
152,Queensland,QLD1,NQ,132,0,0.007238374675769878,-16.8661354999999,145.687427
153,Queensland,QLD1,NQ,132,0,0.005499251142668604,-16.9266709999999,145.7767665
154,Queensland,QLD1,NQ,132,0,0.00017718981063206014,-16.693981935,145.342592595
155,Queensland,QLD1,NQ,132,0,0.0019273101660854358,-16.5308525,145.4577345
156,Queensland,QLD1,NQ,132,0,0.003977934036825185,-16.850199,145.646495
157,Tasmania,TAS1,TAS,110,0,0.00717211704394897,-41.121524865,146.847628081
158,Queensland,QLD1,CQ,132,0,0.001575174091686441,-23.8845655,151.2740445
159,New South Wales,NSW1,NCEN,132,0,0.004019335468738861,-33.786724675,151.13291284
160,Queensland,QLD1,SEQ,132,0,0.015129016643236643,-27.9044024999999,153.311482
161,New South Wales,NSW1,NCEN,132,0,0.004191254316466691,-33.8824482869999,151.212041103
162,New South Wales,NSW1,NCEN,330,0,0.0005949671794084077,-33.209869,151.544785
163,New South Wales,NSW1,NCEN,132,0,0.002545975425209787,-33.9123253889999,151.194462962
164,New South Wales,NSW1,NCEN,132,0,0.001582097682246072,-33.727418524,151.199155099
165,Queensland,QLD1,SEQ,110,0,0.002622353878385672,-27.717463972,153.322146215
166,New South Wales,NSW1,NCEN,330,0,0.00140205687498018,-33.6556305,151.0301025
167,New South Wales,NSW1,NCEN,132,0,0.004204164501463617,-33.9066129039999,151.183085312
168,South Australia,SA1,NSA,275,0,0.002247285914169207,-34.4673800319999,138.754839061
169,Queensland,QLD1,SEQ,275,0,0.010793729457792124,-27.5370354999999,153.115188
170,Queensland,QLD1,CQ,132,0,0.0011004008817597488,-23.552451837,145.314186118
171,Queensland,QLD1,CQ,132,0,0.0017889643262177092,-23.55141198,145.312255011
172,Queensland,QLD1,SEQ,110,0,0.007139632908579774,-27.557618625,152.945134037
173,Queensland,QLD1,SEQ,275,0,0.0004086033503549976,-27.5771631179999,152.771641864
174,Queensland,QLD1,SEQ,275,0,0.001089277580102759,-27.552941,152.9993215
175,Queensland,QLD1,SEQ,110,0,0.000229751141815271,-27.6582579999999,152.8120075
176,New South Wales,NSW1,NCEN,132,0,0.006820014193374155,-33.3293950529999,151.420808893
177,Queensland,QLD1,SEQ,110,0,0.0030607918128287737,-28.0689711389999,153.377070195
178,Queensland,QLD1,CQ,275,0,0.0011308861503216581,-22.820716165,149.403959814
179,New South Wales,NSW1,NCEN,330,0,0.006314457911827907,-33.9326727609999,150.865773123
180,New South Wales,NSW1,NCEN,132,0,0.0012981442869489752,-33.883242233,150.596540611
181,New South Wales,NSW1,NCEN,132,0,0.016770245868926604,-33.850588498,150.957635498
182,New South Wales,NSW1,NCEN,132,0,0.006132298332878181,-33.7586704999999,150.839003
183,New South Wales,NSW1,NCEN,132,0,0.0022509559938477908,-33.724143711,150.940077943
184,New South Wales,NSW1,NCEN,132,0,0.004395453478746437,-33.74421609,150.949565422
185,New South Wales,NSW1,NCEN,132,0,0.0028278693472871376,-33.770737937,150.87802735
186,New South Wales,NSW1,NCEN,132,0,0.004618173915723196,-33.8144854999999,150.998996939
187,New South Wales,NSW1,NCEN,330,0,0.0017011827933049734,-33.8347229199999,150.919146447
188,New South Wales,NSW1,NCEN,132,0,0.00409760311534813,-33.841977893,150.881374868
189,New South Wales,NSW1,NCEN,132,0,0.026629927712841225,-33.7545879579999,151.244131251
190,Tasmania,TAS1,TAS,110,0,0.00029998528106019206,-42.1251965,146.745081
191,Victoria,VIC1,MEL,500,0,0.0163989411443654,-37.929279559,145.227283119
192,Victoria,VIC1,MEL,220,0,0.03665483176853937,-37.7480699399999,145.170535798
193,Victoria,VIC1,MEL,220,0,0.06594379631806836,-37.8208346829999,145.215577224
194,Victoria,VIC1,MEL,220,1,0.05202649109639344,-37.693699091,145.009928981
195,Victoria,VIC1,MEL,500,0,0.0371564343628801,-37.6444821589999,145.078435612
196,Victoria,VIC1,MEL,220,0,0.02810709645889654,-37.940958253,145.236340595
197,Victoria,VIC1,MEL,220,0,0.044590966062005424,-37.9411279999999,145.078232
198,Victoria,VIC1,NVIC,220,0,0.00234565779702511,-37.2237077789999,145.920919502
199,Victoria,VIC1,NVIC,220,0,0.001746818075721817,-37.2220053349999,145.921452358
200,Victoria,VIC1,MEL,220,0,0.0341595257041616,-37.928182168,145.146100668
201,Tasmania,TAS1,TAS,110,0,0.0005001545195706296,-41.777035,145.539544
202,Tasmania,TAS1,TAS,110,0,0.000947063916784272,-41.9099255,145.5660745
203,New South Wales,NSW1,CAN,132,0,0.00015899178008528414,-36.294529639,148.50932506
204,New South Wales,NSW1,CAN,330,0,0.00015954638220671628,-36.225549643,148.144270481
205,New South Wales,NSW1,CAN,132,0,3.8175303387870246e-05,-36.301066443,148.312375514
206,New South Wales,NSW1,CAN,132,0,2.019734222822309e-05,-36.349442908,148.4134294
207,New South Wales,NSW1,CAN,132,0,0.0010254730296862617,-36.4351496749999,148.633250107
208,New South Wales,NSW1,CAN,132,0,0.000202929827063096,-36.3510485109999,148.411783984
209,New South Wales,NSW1,CAN,330,0,2.825258840830142e-05,-36.2467129999999,148.190095
210,New South Wales,NSW1,CAN,330,0,0.0001801911031041573,-36.2423439999999,148.136247
211,New South Wales,NSW1,CAN,132,0,0.00010828657033413192,-36.414756309,148.598054436
212,New South Wales,NSW1,CAN,132,0,4.002809789373982e-05,-36.301769709,148.313807542
213,Victoria,VIC1,NVIC,220,0,0.015380696610914334,-36.342812807,145.414577352
214,New South Wales,NSW1,NCEN,500,0,0.0031465462523791858,-33.9006505,150.8085335
215,New South Wales,NSW1,NCEN,500,0,7.878630202562069e-05,-33.36388454,150.02611411
216,New South Wales,NSW1,NCEN,330,0,4.715646215047034e-05,-33.358892232,150.031322308
217,New South Wales,NSW1,NCEN,132,0,0.005529886553878823,-33.802426673,150.926421782
218,New South Wales,NSW1,NCEN,132,0,0.003604575121351459,-33.720141107,150.93635548
219,New South Wales,NSW1,NCEN,132,0,0.0027655075658015132,-33.687470543,150.921484049
220,Queensland,QLD1,CQ,132,0,0.0007165074344495098,-23.5159659999999,150.321371
221,Queensland,QLD1,CQ,275,0,0.0006568517461959253,-23.5376484179999,150.486864569
222,Queensland,QLD1,CQ,275,0,4.203344793581388e-06,-23.5157715,150.319888
223,Queensland,QLD1,CQ,132,0,0.0005291459884704039,-23.536133895,150.48695136
224,Queensland,QLD1,CQ,275,0,0.00047459545515723977,-23.50972,150.319466
225,Queensland,QLD1,CQ,275,0,0.0007465286876309158,-23.751348465,150.837806603
226,Queensland,QLD1,CQ,132,0,0.0003256570016657559,-23.530838057,150.244329072
227,Queensland,QLD1,CQ,132,0,0.0002597025382672997,-23.676661246,150.020067558
228,Queensland,QLD1,CQ,132,0,0.01236156960695646,-23.366187,150.5085245
229,Queensland,QLD1,SEQ,110,0,0.00798384292059029,-27.4507609999999,153.0476425
230,Queensland,QLD1,SEQ,275,0,0.001638113718232415,-27.4474132779999,153.113192395
231,Queensland,QLD1,SEQ,110,0,0.0004947852703425595,-27.4660425,153.014017
232,Queensland,QLD1,SEQ,110,0,0.005430335622933499,-27.640590808,152.851931794
233,Queensland,QLD1,SEQ,275,1,0.009568611108241695,-27.323552155,152.97009205
234,Tasmania,TAS1,TAS,110,0,0.01991739072394923,-42.950960161,147.272478251
235,Tasmania,TAS1,TAS,110,0,0.036150781875978574,-42.887385466,147.449646137
236,South Australia,SA1,NSA,220,0,0.006690852014044998,-34.237689175,140.596974295
237,South Australia,SA1,NSA,132,0,0.01032002746954221,-34.2698589999999,140.597989
238,South Australia,SA1,NSA,275,0,0.0006225345806607829,-33.8469019529999,138.40754342
239,South Australia,SA1,NSA,132,0,0.007224443684261401,-33.1709799999999,138.007012
240,New South Wales,NSW1,NCEN,132,0,0.0009857110301389562,-32.2950665,150.876708
241,New South Wales,NSW1,NCEN,132,0,0.0004353672902518706,-32.245446,150.911306
242,New South Wales,NSW1,NCEN,330,0,0.00132040022848839,-32.222211,150.941673
243,New South Wales,NSW1,NCEN,330,0,0.00020151387807309834,-32.371240724,150.975038348
244,New South Wales,NSW1,NCEN,500,0,0.00013299297622142327,-32.39527,150.94913
245,New South Wales,NSW1,NCEN,330,0,0.00023755330049926704,-32.3712669999999,150.97757
246,New South Wales,NSW1,NCEN,500,0,0.000271387594772832,-32.3994582029999,150.946098856
247,New South Wales,NSW1,NCEN,132,0,0.005105323064602313,-33.9044410239999,151.040745773
248,New South Wales,NSW1,NCEN,330,0,0.0004031397444846005,-33.894159373,151.037001691
249,New South Wales,NSW1,NCEN,330,0,7.753104949693894e-05,-33.915068053,151.187235489
250,New South Wales,NSW1,NCEN,132,0,0.0017348445947531755,-33.888205962,151.042212711
251,New South Wales,NSW1,NCEN,132,0,0.007390372569652244,-33.8780114309999,151.271372227
252,New South Wales,NSW1,NCEN,132,0,0.014329372026626586,-33.968195663,151.1277393
253,New South Wales,NSW1,NCEN,132,0,0.0038482006499551604,-33.879828446,151.212319426
254,New South Wales,NSW1,NCEN,330,0,0.0023733062790586646,-33.7258224999999,151.2082815
255,New South Wales,NSW1,NCEN,330,0,9.158701884926993e-05,-33.0625973159999,151.51543096
256,New South Wales,NSW1,NCEN,132,0,0.0012303372753188213,-33.8789595,151.0658015
257,New South Wales,NSW1,NNS,132,0,0.0023357998739427757,-30.7217019999999,152.9095575
258,New South Wales,NSW1,NNS,132,0,0.0013939963801071352,-30.6203339529999,152.958491051
259,Queensland,QLD1,CQ,275,0,8.448771367219954e-05,-23.1291254069999,148.42818463
260,Queensland,QLD1,CQ,132,0,0.00020110195743806725,-23.587456,148.8262285
261,Queensland,QLD1,CQ,132,0,0.003440648163501726,-23.1487544629999,148.391725664
262,Queensland,QLD1,CQ,132,0,0.00022233534968340492,-23.5366691959999,148.849896811
264,New South Wales,NSW1,NCEN,132,0,0.004475561972448171,-34.5231404859999,150.810304088
265,New South Wales,NSW1,NCEN,330,0,0.0027039326820146336,-34.5346319999999,150.781179
266,New South Wales,NSW1,NCEN,132,0,0.003735045728229678,-34.4591599419999,150.860460928
267,New South Wales,NSW1,NCEN,132,0,0.003545185426315297,-33.414351239,151.292811403
268,Tasmania,TAS1,TAS,110,0,0.0019153143421477346,-41.350467,146.263167
269,Tasmania,TAS1,TAS,110,0,0.01209300887145479,-41.17918936,146.44485084
270,Tasmania,TAS1,TAS,110,0,0.007627532437585915,-41.1297554619999,146.855619875
271,Victoria,VIC1,LV,220,0,6.3777552582607755e-06,-38.276921122,146.42448215
272,Victoria,VIC1,LV,500,0,0.000948937963575292,-38.281172,146.4283415
273,Victoria,VIC1,LV,220,0,0.001851359425474671,-38.1741377289999,146.349913705
274,Victoria,VIC1,LV,220,0,0.00382880520857088,-38.2731029999999,146.392263
275,Victoria,VIC1,LV,500,0,0.0003312542130302095,-38.25649684,146.573861699
276,Victoria,VIC1,LV,220,0,0.00945380332412602,-38.177015,146.342783
277,Victoria,VIC1,LV,220,0,1.7611646756843334e-05,-38.25588465,146.414043061
278,Victoria,VIC1,LV,220,0,0.0008751184912725477,-38.25456,146.413722
279,Victoria,VIC1,LV,220,0,1.9594131820588366e-05,-38.275325,146.426296
280,Victoria,VIC1,LV,220,0,3.090482698933869e-06,-38.274626,146.424923
281,New South Wales,NSW1,NCEN,132,0,0.0059752410449297865,-33.732221866,151.000157082
282,Tasmania,TAS1,TAS,110,0,0.004762192965471897,-40.718753213,144.69756189
283,Queensland,QLD1,SEQ,110,0,0.010053730171036657,-27.434323326,153.142951236
284,New South Wales,NSW1,NCEN,132,0,0.004014127759960125,-33.807492264,151.009007331
286,New South Wales,NSW1,NCEN,330,0,0.007356599365623071,-33.9786544999999,151.012896
287,New South Wales,NSW1,NCEN,132,0,0.0026467375494991464,-33.8563485,151.074597
288,New South Wales,NSW1,NCEN,330,0,0.0035218837325875518,-33.8814173219999,151.202246784
289,New South Wales,NSW1,NCEN,132,0,0.00226835496905149,-33.411398,151.3298205
290,New South Wales,NSW1,NCEN,132,0,0.0032245215622012844,-33.968943522,151.229126659
291,South Australia,SA1,NSA,132,0,0.0021563480728922675,-34.0878905,138.0914405
292,New South Wales,NSW1,NCEN,330,0,0.0007206863587614848,-33.160745,151.543146
293,South Australia,SA1,NSA,132,0,0.017969133931268463,-34.548705959,138.761055455
294,South Australia,SA1,NSA,132,0,0.012277431165335459,-34.4918185559999,138.966403098
295,Tasmania,TAS1,TAS,110,0,0.01644142590570301,-43.1643989999999,146.945575
296,South Australia,SA1,NSA,132,0,0.001819290529278333,-33.689488207,136.400578306
297,South Australia,SA1,NSA,132,0,0.0009228410456295435,-33.625360788,136.703705583
298,New South Wales,NSW1,NNS,132,0,0.005224126867789003,-28.2558963989999,153.472441306
299,Queensland,QLD1,SEQ,110,0,0.016376179395696487,-28.1026515,153.436329
300,New South Wales,NSW1,SWNSW,132,0,0.0019818889955712325,-34.4606461019999,147.550738103
301,Australian Capital Territory,NSW1,CAN,132,0,0.008292110663458155,-35.1723400389999,149.11669171
302,Victoria,VIC1,MEL,220,0,0.019750394374305844,-37.567381134,143.92185575
303,Victoria,VIC1,CVIC,220,0,0.006656570220651448,-37.3574621769999,143.60373023
304,Victoria,VIC1,MEL,132,0,0.0033010447914256598,-37.843169663,143.875763207
305,Queensland,QLD1,SWQ,110,0,0.0009110437456649685,-27.086319967,150.943005459
306,South Australia,SA1,NSA,132,0,0.0001271998621044322,-31.4665659999999,137.087617
307,South Australia,SA1,NSA,132,0,1.8384462446734195e-05,-31.466129407,137.088048261
308,New South Wales,NSW1,NNS,330,0,0.000666520250018873,-29.203119952,151.328862948
309,New South Wales,NSW1,NNS,132,0,0.0023092686103011965,-29.785533529,151.159343489
310,New South Wales,NSW1,NNS,132,0,0.0011732720791383915,-29.706747709,151.77313577
311,Tasmania,TAS1,TAS,110,0,0.0013188228837095713,-42.1409995,146.2248025
312,Queensland,QLD1,SEQ,110,0,0.004747952387683077,-27.997805,153.4268985
313,Queensland,QLD1,SEQ,110,0,0.009902267418983214,-27.8552204769999,153.293779342
314,Queensland,QLD1,SEQ,275,0,0.010775645443006847,-27.978431921,153.36007057
315,Queensland,QLD1,SEQ,110,0,0.00924368985299144,-27.3899375,153.083203
316,Queensland,QLD1,SEQ,110,0,0.0020350662565468327,-27.4520155989999,153.028255117
317,Queensland,QLD1,SEQ,110,0,0.01940122195223758,-27.3991829999999,153.009328
318,Queensland,QLD1,SEQ,132,0,0.003794529017821915,-27.466433996,153.008857113
319,Queensland,QLD1,SEQ,110,0,0.010460404109669435,-27.3302035,153.0500525
320,Queensland,QLD1,SEQ,132,0,0.012516930287568385,-27.2730480619999,153.020590476
321,Queensland,QLD1,SEQ,110,0,7.618417756031696e-05,-27.4026098849999,153.130417746
322,New South Wales,NSW1,NCEN,330,0,0.004983568300775411,-32.732195492,151.53946107
323,Tasmania,TAS1,TAS,110,0,0.014439823798832152,-41.0657052409999,145.914099278
324,Queensland,QLD1,CQ,132,0,7.051312818494383e-05,-23.8731405,151.2889405
325,Queensland,QLD1,NQ,132,0,3.9365588419162e-05,-20.3652323599999,147.472830199
326,Queensland,QLD1,NQ,132,0,5.10448326571285e-05,-20.3653485419999,147.473423109
327,Queensland,QLD1,NQ,275,0,5.5968619299238156e-05,-20.499185505,147.775364403
328,Queensland,QLD1,NQ,132,0,7.776126480133046e-05,-20.54416,147.805492
329,Queensland,QLD1,NQ,132,0,0.00016853038918293394,-20.956626,147.8930115
331,Queensland,QLD1,NQ,132,0,0.00035828347139358046,-20.448950387,147.346223565
334,New South Wales,NSW1,NCEN,330,0,0.0015066266333648563,-33.406411836,150.081069728
335,New South Wales,NSW1,NCEN,132,0,0.0022547884630997332,-33.66966795,150.325185762
336,New South Wales,NSW1,NCEN,132,0,0.0004905536854630007,-33.790420233,150.890858713
337,New South Wales,NSW1,NCEN,132,0,0.0035629816133348666,-33.788200349,150.895976452
338,Queensland,QLD1,NQ,132,0,0.0001029308354919599,-21.9867619999999,148.0250135
339,New South Wales,NSW1,NCEN,132,0,0.0002321527873007792,-33.050082499,151.522767831
340,Queensland,QLD1,SEQ,132,0,0.005425134194438828,-27.454561601,153.01255958
341,Queensland,QLD1,SEQ,110,0,0.00847862995186808,-27.333583,153.0187605
342,Queensland,QLD1,SEQ,132,0,0.012447937737161905,-27.5798555,152.959912
343,Queensland,QLD1,SEQ,110,0,0.001824968110774251,-27.5852914829999,152.806128188
344,New South Wales,NSW1,SWNSW,132,0,0.0013964166469977422,-33.515932516,145.52972082
345,Queensland,QLD1,SEQ,275,0,0.0013697975159238454,-27.372221394,152.6320276
346,South Australia,SA1,NSA,132,0,0.013420436660720738,-33.009925644,137.57668234
348,South Australia,SA1,NSA,132,0,0.008828828413120148,-33.9769575,137.7296105
351,Tasmania,TAS1,TAS,110,0,0.02481045806785421,-42.859230523,147.290332656
352,Tasmania,TAS1,TAS,110,0,0.02226396225540401,-42.9895009489999,147.280737
353,South Australia,SA1,NSA,132,0,0.0005725432435003442,-33.508567709,138.119175192
354,Queensland,QLD1,NQ,275,0,0.003958212851156227,-19.404489,146.726602
355,Queensland,QLD1,NQ,132,0,0.009019410714876537,-19.2865081309999,146.747652774
356,Queensland,QLD1,NQ,132,0,0.00041590852749156875,-19.3354561109999,146.888496595
357,Queensland,QLD1,NQ,132,0,9.294258998845667e-05,-19.337998351,146.851170546
358,Queensland,QLD1,NQ,132,0,0.002273200981755076,-19.332176601,146.847907887
359,Queensland,QLD1,NQ,132,0,0.0006776145085698418,-19.3511174449999,146.852969899
360,Queensland,QLD1,NQ,132,0,0.0014366569089826157,-19.2010559999999,146.618707
361,Queensland,QLD1,NQ,132,0,0.0017771873732121727,-19.2510787689999,146.574595722
362,Queensland,QLD1,NQ,132,0,0.0024424975936869872,-19.32051509,146.718461656
363,New South Wales,NSW1,NCEN,132,0,0.0002609319749588677,-33.0495659589999,151.525023642
364,Victoria,VIC1,CVIC,220,0,0.006937028994172759,-36.722204534,142.247589195
365,South Australia,SA1,NSA,132,0,0.0010165355663815045,-32.967663084,138.039280637
366,Queensland,QLD1,SWQ,110,0,0.0004808531757430818,-27.4183619999999,151.679767
367,South Australia,SA1,NSA,132,0,0.001233513578050888,-30.4423740949999,136.871297811
368,South Australia,SA1,NSA,275,0,0.001874368040055194,-30.4491660159999,136.860474968
369,New South Wales,NSW1,NCEN,330,0,0.001606401682435603,-34.4472696029999,150.743827293
370,New South Wales,NSW1,NCEN,330,0,0.00854993280695996,-34.08528132,150.766311522
371,Queensland,QLD1,SWQ,132,0,0.0025458077094160465,-28.524192569,150.286180625
372,Queensland,QLD1,NQ,110,0,0.0006306471332564492,-18.8745934999999,144.1432605
373,Tasmania,TAS1,TAS,110,0,0.0031489517434384363,-41.673192587,146.268683946
374,Tasmania,TAS1,TAS,220,0,0.0060116012169861245,-41.140124704,146.903636243
375,Tasmania,TAS1,TAS,220,0,0.00444571671971825,-41.483312,146.125073
376,Tasmania,TAS1,TAS,220,0,0.00010276369458735793,-41.1238828689999,146.872215704
377,Tasmania,TAS1,TAS,220,0,0.0017146025008611839,-41.603763,146.139022
378,Queensland,QLD1,CQ,132,0,4.466004263732656e-05,-23.8458629249999,151.216557064
379,Queensland,QLD1,CQ,132,0,0.0005824077265766175,-23.865468,151.292849
380,Queensland,QLD1,CQ,275,0,0.0020397258987713543,-23.928688,151.344285
381,Queensland,QLD1,CQ,132,0,0.006851272111018168,-23.265287467,150.470851502
382,New South Wales,NSW1,NCEN,132,0,0.0008278882316331701,-33.794407604,150.870631113
383,Queensland,QLD1,SEQ,275,0,0.004648753255187844,-26.7069703719999,152.93702529
384,Queensland,QLD1,SEQ,110,0,0.0027566466668609057,-26.4335804999999,152.923155
385,Queensland,QLD1,SEQ,132,0,0.0029334875577341274,-26.3180122099999,152.777771384
386,Queensland,QLD1,SEQ,110,0,0.003550554272421448,-26.854270081,152.933682807
387,Queensland,QLD1,SEQ,132,0,0.00311067846379314,-26.60973,152.9467605
388,Queensland,QLD1,SEQ,275,0,0.0010668069427146056,-26.0896959999999,152.4383545
389,Queensland,QLD1,SEQ,132,0,0.0014507023403382592,-26.081199758,152.2585255
390,South Australia,SA1,NSA,132,0,0.0003950103981283397,-34.850861,135.585172
391,Queensland,QLD1,SEQ,132,0,0.0067405792152037125,-26.1963939999999,152.681686
392,Queensland,QLD1,SEQ,110,0,0.0025616630102529305,-26.853715,152.9278885
393,Queensland,QLD1,SEQ,110,0,0.002741821306464628,-27.4583984999999,153.0359545
394,New South Wales,NSW1,NCEN,132,0,0.006064304027145851,-33.908906633,151.248036025
395,New South Wales,NSW1,NCEN,132,0,0.0033920002470283366,-33.7826239999999,151.0442395
396,New South Wales,NSW1,NCEN,132,0,0.0011530938168392891,-33.1236752569999,151.465382309
397,New South Wales,NSW1,NCEN,132,0,0.009005765579151859,-33.862937151,151.208055469
398,South Australia,SA1,NSA,132,0,0.00023711255555727373,-33.508264665,138.130708401
399,South Australia,SA1,NSA,275,0,0.0012974801221339615,-33.309259942,138.729595542
400,South Australia,SA1,NSA,275,0,0.0014259213507298348,-33.309212391,138.727294057
402,South Australia,SA1,NSA,132,0,0.000835081808598407,-33.4952162709999,138.267430566
404,South Australia,SA1,ADE,275,0,0.06179547586610747,-34.9245782519999,138.610327711
405,South Australia,SA1,NSA,275,0,0.0009573508986714314,-33.5567756209999,138.848252155
406,South Australia,SA1,NSA,275,0,0.0013890577258063874,-33.8466652779999,138.409042565
407,South Australia,SA1,NSA,275,0,0.0006919211075269039,-33.8301639869999,138.118443965
408,South Australia,SA1,ADE,275,0,0.04761458474930912,-34.776866647,138.598236003
409,South Australia,SA1,ADE,275,0,2.7118854632610273e-06,-34.806166516,138.524590912
410,Queensland,QLD1,SEQ,110,0,0.007228113929710438,-27.3257867409999,152.970834986
411,New South Wales,NSW1,CAN,132,0,0.003214359311293331,-34.769458114,149.731158529
412,New South Wales,NSW1,CAN,132,0,1.4608711558732232e-05,-34.7955301599999,149.398175853
413,New South Wales,NSW1,CAN,132,0,4.706222114456603e-05,-34.7954270079999,149.396711019
414,New South Wales,NSW1,CAN,132,0,0.00012815446750978252,-34.80498162,149.400129582
415,New South Wales,NSW1,CAN,132,0,0.0006155565188023197,-34.6958309,149.383175211
416,New South Wales,NSW1,NCEN,132,0,0.00021578865009423242,-33.8882154799999,151.042203193
417,Australian Capital Territory,NSW1,CAN,132,0,0.0015174990907019584,-35.3153456539999,149.14896501
418,Australian Capital Territory,NSW1,CAN,132,0,0.0039417012555365985,-35.2693427679999,149.150209699
420,Tasmania,TAS1,TAS,110,0,0.00012585766794274552,-42.2544325,146.3099315
421,Tasmania,TAS1,TAS,220,0,1.3659150176961918e-05,-42.505847,146.6796355
422,Tasmania,TAS1,TAS,110,0,0.0005324205553099667,-42.6095319999999,146.8463295
423,Tasmania,TAS1,TAS,220,0,0.00028809289962710425,-42.1261374649999,146.745610977
424,Tasmania,TAS1,TAS,220,0,0.001746908364493294,-42.507695,146.64696
425,Tasmania,TAS1,TAS,110,0,0.00012187194591151917,-42.253702238,146.620699328
426,Tasmania,TAS1,TAS,220,0,0.0002650834264573318,-42.490604,146.7319825
427,Tasmania,TAS1,TAS,220,0,3.4962658465261315e-05,-42.376133652,146.511715909
428,Tasmania,TAS1,TAS,110,0,4.197508503579548e-05,-42.254000671,146.620467609
429,Tasmania,TAS1,TAS,110,0,0.00013331112583218638,-42.261782363,146.631196818
430,Queensland,QLD1,SEQ,132,0,0.006457063838109913,-26.6155664999999,152.960844
431,Tasmania,TAS1,TAS,220,0,5.4493813443631e-05,-41.735983,145.532112
432,Queensland,QLD1,CQ,275,0,0.0013299179315652881,-23.9605754999999,151.289016
433,Queensland,QLD1,CQ,132,0,0.0021119990002804777,-23.886302682,151.273653446
434,Queensland,QLD1,CQ,132,0,5.321034123797282e-05,-23.872790879,151.289144182
435,Queensland,QLD1,CQ,132,0,1.4508307083078174e-06,-23.830532274,151.16575995
436,Queensland,QLD1,CQ,132,0,1.725283494558733e-05,-23.8303654869999,151.165411438
437,Queensland,QLD1,CQ,275,0,0.0018619130119357976,-23.8507529999999,151.218653
438,Queensland,QLD1,CQ,275,0,0.00045980462769123803,-23.82301,151.0697765
439,Queensland,QLD1,CQ,132,0,3.5805489268499386e-05,-23.8507137889999,151.216875367
440,Queensland,QLD1,CQ,275,0,1.9341282033551078e-07,-23.849791345,151.216674934
441,Queensland,QLD1,CQ,132,0,0.001389762377227616,-23.8707347759999,151.196111579
443,New South Wales,NSW1,SWNSW,132,0,0.0011562066898064903,-35.0764473089999,147.422679493
444,New South Wales,NSW1,SWNSW,330,0,0.0018786218794846503,-35.2004334719999,147.393550407
445,New South Wales,NSW1,SWNSW,132,0,0.0009121020468135758,-35.177300225,147.215401806
446,New South Wales,NSW1,SWNSW,220,0,0.0013447833075014286,-34.775606726,143.525101829
447,New South Wales,NSW1,SWNSW,132,0,0.004582117599756816,-35.126366745,147.381492852
448,New South Wales,NSW1,SWNSW,132,0,0.0004545399840826501,-35.1793949999999,147.215692
449,Tasmania,TAS1,TAS,220,0,5.123896212573777e-05,-42.451614299,146.598643887
450,Tasmania,TAS1,TAS,110,0,8.401064598800926e-06,-42.2976904999999,146.4572095
451,Tasmania,TAS1,TAS,220,0,0.0001588256204102834,-42.427176,146.534709
452,Tasmania,TAS1,TAS,220,0,2.208869010786647e-05,-42.376317,146.50989
453,Queensland,QLD1,SWQ,275,0,0.0035365527099051708,-26.7710852129999,151.711301672
454,Queensland,QLD1,SWQ,275,0,0.0005759099238372735,-26.7866435,151.9065315
455,Queensland,QLD1,SWQ,275,0,0.0008641158515856106,-26.782357507,151.91527317
456,Queensland,QLD1,SWQ,275,0,0.0031258234271889103,-26.775762588,151.9146017
457,New South Wales,NSW1,NCEN,132,0,0.011135602206796323,-33.867087,151.0885785
458,South Australia,SA1,NSA,132,0,0.003565979032972904,-29.68504,135.59131
459,New South Wales,NSW1,NCEN,132,0,0.0006700136638330955,-32.95953657,149.863592776
460,New South Wales,NSW1,NCEN,132,0,0.001736592210075007,-32.585962332,149.569347726
461,New South Wales,NSW1,NCEN,132,0,0.0002040256912400899,-32.67264548,149.024651241
462,New South Wales,NSW1,NCEN,500,0,0.0009985544127968323,-32.411671457,149.953266066
463,New South Wales,NSW1,NCEN,132,0,0.0009317617736033481,-32.3480974999999,149.4613985
464,New South Wales,NSW1,NCEN,132,0,0.0007662172254293492,-32.7922622689999,151.679146853
465,New South Wales,NSW1,NCEN,132,0,0.006787973793071821,-32.772477914,151.859683391
466,New South Wales,NSW1,NCEN,132,0,0.0015651279331007867,-32.347600596,151.928384629
467,New South Wales,NSW1,NCEN,132,0,0.00034304083075133293,-32.664616,149.107986
468,New South Wales,NSW1,NCEN,132,0,0.0043106648936076745,-33.811732967,151.113785963
469,New South Wales,NSW1,SWNSW,220,0,0.0027307277287529548,-31.986256867,141.419256085
470,New South Wales,NSW1,NCEN,330,0,0.0018586687723317228,-33.6570879999999,150.8434735
471,New South Wales,NSW1,NCEN,132,0,0.0011520926500377107,-33.766423135,150.84823267
472,South Australia,SA1,NSA,275,0,0.00017924916691793106,-33.955729267,139.127240675
473,South Australia,SA1,NSA,132,0,0.0003678772784952705,-33.9724059019999,139.188510427
474,South Australia,SA1,NSA,132,0,0.0008952729915568002,-33.9704299369999,139.423169061
475,South Australia,SA1,NSA,132,0,0.0012698811559731075,-33.994699091,139.732317915
477,South Australia,SA1,NSA,132,0,0.00020361850086302442,-33.9658894949999,139.062939948
478,New South Wales,NSW1,NCEN,132,0,0.0005199318503386256,-33.8393101689999,150.896546448
480,Queensland,QLD1,CQ,132,0,0.00018328738737696408,-23.6594284999999,149.409262
481,Queensland,QLD1,CQ,132,0,0.00014236494074021055,-23.7572294999999,149.344107
483,Queensland,QLD1,CQ,132,0,0.00021509743972230767,-23.8503672169999,149.470941643
486,Queensland,QLD1,CQ,132,0,0.0001998754975520942,-23.710725575,149.679790853
487,Queensland,QLD1,SEQ,110,0,0.0158950467375357,-27.662768,153.0375525
489,Queensland,QLD1,NQ,132,0,0.00025254693394602537,-21.2882499999999,147.9421545
490,Queensland,QLD1,NQ,132,0,0.0005064858352839603,-21.658011713,147.969079133
491,Queensland,QLD1,SEQ,110,0,0.008249577640063049,-27.5372894999999,152.980463
492,Tasmania,TAS1,TAS,110,0,0.01574961364704608,-42.7794309999999,147.101065
493,Victoria,VIC1,MEL,500,0,0.07573850698129814,-38.085634274,145.266432148
494,Victoria,VIC1,MEL,220,0,0.03062710480683251,-38.2678605,145.201553
495,South Australia,SA1,NSA,275,0,0.0008221491079078796,-33.6312824999999,138.372536
496,Victoria,VIC1,MEL,220,0,0.010707175698258903,-38.281937435,145.208306881
498,New South Wales,NSW1,CAN,132,0,0.0007458352362985066,-35.2990895,148.2036495
499,New South Wales,NSW1,CAN,330,0,6.881934197021578e-05,-35.910907,148.386037
500,New South Wales,NSW1,CAN,330,0,0.00015860216521297938,-35.606473315,148.288657342
501,Australian Capital Territory,NSW1,CAN,330,0,0.001590947119675722,-35.2187855,148.996331
502,New South Wales,NSW1,CAN,132,0,0.000514852978746927,-35.29615899,148.135481578
503,New South Wales,NSW1,CAN,132,0,0.0004879653501218135,-35.0009475219999,148.582465878
505,Queensland,QLD1,CQ,132,0,0.00039731668724013463,-24.2166438269999,148.637795294
506,New South Wales,NSW1,CAN,132,0,0.0002516758923638906,-35.3986009999999,148.246272
507,New South Wales,NSW1,CAN,330,0,6.872853078723529e-05,-35.948974047,148.363594158
509,Queensland,QLD1,NQ,132,0,0.0027936564631392516,-18.6648334999999,146.15603
510,Queensland,QLD1,NQ,275,0,0.0012856636764310735,-18.3401529999999,146.0468315
511,New South Wales,NSW1,CAN,330,0,0.0003083566674457381,-34.6153365,150.0519305
512,New South Wales,NSW1,NCEN,132,0,0.008626858050651252,-34.0720909999999,150.7322595
513,New South Wales,NSW1,NCEN,132,0,0.004498023978510249,-34.459151194,150.860491892
514,New South Wales,NSW1,NCEN,132,0,6.003868800742499e-05,-34.522778,150.808056
515,New South Wales,NSW1,NCEN,132,0,0.0006611216185750819,-33.781790375,151.044373216
516,Queensland,QLD1,CQ,132,0,1.3022303036257303e-06,-23.8568412879999,151.194178455
517,New South Wales,NSW1,NNS,330,0,0.003507655938397504,-31.146812879,150.95136696
518,New South Wales,NSW1,NNS,132,0,0.0034291444430961625,-31.1313473389999,150.924908954
519,New South Wales,NSW1,NCEN,132,0,0.0025810081568829455,-34.0510940729999,151.146906765
520,New South Wales,NSW1,NCEN,132,0,0.004310498985368918,-34.033885402,151.075455638
521,New South Wales,NSW1,NCEN,132,0,0.006373752501861633,-34.0271435,151.0802225
522,New South Wales,NSW1,NCEN,132,0,0.00203406121911388,-34.0151289409999,151.205888371
523,New South Wales,NSW1,NCEN,132,0,0.0036769622717129392,-34.0381056329999,151.144026659
524,New South Wales,NSW1,NCEN,132,0,0.0044563668188649435,-34.0188376519999,151.027741182
525,New South Wales,NSW1,NCEN,132,0,0.00411856017033527,-34.0148973779999,151.010518145
526,South Australia,SA1,NSA,132,0,0.006144435088960542,-34.699899,135.8047165
527,New South Wales,NSW1,NCEN,132,0,0.014269019144494858,-33.816795263,151.185399127
528,Queensland,QLD1,SEQ,275,0,0.019657444592774735,-27.6643339999999,153.13149
529,New South Wales,NSW1,NCEN,132,0,0.004739953112635156,-33.7808718869999,151.04493487
530,New South Wales,NSW1,NCEN,132,0,0.0094242762224413,-33.8704767959999,151.193566285
531,New South Wales,NSW1,NCEN,132,0,0.005638838777053762,-33.813617278,151.093670108
532,New South Wales,NSW1,NCEN,132,0,0.009923834948446612,-33.9550174679999,151.095829979
533,New South Wales,NSW1,NCEN,132,0,0.0022179002458643255,-33.824878796,151.075787806
534,New South Wales,NSW1,NCEN,132,0,0.0011419601022151452,-33.885850723,151.064085403
535,New South Wales,NSW1,NCEN,132,0,0.002776483381863693,-33.78641464,151.141656594
536,New South Wales,NSW1,NCEN,132,0,0.009877819880677265,-33.920786778,151.116048937
537,New South Wales,NSW1,NCEN,132,0,0.003838195176336779,-33.8260799999999,151.030447
538,New South Wales,NSW1,NCEN,330,0,0.002059747480311461,-33.9155968979999,151.186663096
539,Queensland,QLD1,SEQ,275,0,0.0100621540270501,-27.62080037,152.878074098
540,New South Wales,NSW1,NNS,132,0,0.005337756994161032,-29.6161741289999,152.932859707
541,New South Wales,NSW1,NNS,132,0,0.000801460041359328,-29.057552006,152.03918695
542,Queensland,QLD1,NQ,132,0,0.0036180241691554705,-19.2617789999999,146.8337675
543,Victoria,VIC1,MEL,220,0,0.05062307769391791,-37.877828698,145.084432334
544,Queensland,QLD1,CQ,132,0,0.00017954367911424658,-22.830493545,148.501746644
545,Queensland,QLD1,CQ,132,0,0.00022112465822811717,-22.547052884,148.406360918
546,Queensland,QLD1,NQ,132,0,4.460370860485373e-05,-22.2183797389999,148.217892957
547,Queensland,QLD1,NQ,132,0,6.303016057907144e-05,-22.174767784,148.189120628
548,Queensland,QLD1,CQ,132,0,9.666160829059739e-05,-22.705549,148.4413925
549,Queensland,QLD1,NQ,132,0,4.435848160259569e-05,-22.2319845,148.208301
550,Australian Capital Territory,NSW1,CAN,132,0,0.0017438127802018785,-35.310707871,149.142894979
551,Queensland,QLD1,SWQ,275,0,0.00010693041200904766,-27.107941663,150.711667401
552,Tasmania,TAS1,TAS,220,0,1.645116891303049e-05,-42.4257885,146.5347265
553,Victoria,VIC1,CVIC,220,0,0.004319892458468242,-35.7714665679999,143.933994837
554,Queensland,QLD1,SWQ,110,0,0.004228633133123018,-27.5847049999999,151.9429725
555,Queensland,QLD1,SWQ,110,0,2.57489200768339e-05,-27.430561121,151.679359348
556,Queensland,QLD1,SWQ,110,0,0.000379134906344046,-27.4795873849999,151.669626324
557,Queensland,QLD1,SWQ,110,0,0.0031132606402214055,-27.6134135,151.938155
558,Queensland,QLD1,SWQ,110,0,0.0009709029352883913,-27.721884589,151.531408909
559,Queensland,QLD1,SWQ,110,0,0.0008632044636139815,-27.622298523,151.943671744
560,Queensland,QLD1,SWQ,110,0,0.0009254123703021732,-27.698265621,151.664052225
561,Queensland,QLD1,SWQ,330,0,0.0003164137969435002,-27.961542,151.278949
562,Queensland,QLD1,SWQ,330,0,0.0002552686189621224,-27.965247882,151.274312914
563,Queensland,QLD1,SWQ,330,0,0.00193779373469671,-27.622983803,151.946518881
564,Queensland,QLD1,SWQ,110,0,0.0017747656979134152,-27.214079538,151.30951223
565,New South Wales,NSW1,NNS,132,0,0.0010603348129965265,-29.878941703,149.62345348
567,New South Wales,NSW1,NNS,132,0,0.0017774981455537181,-29.485219249,149.855603284
569,New South Wales,NSW1,NCEN,132,0,0.0004528478085641419,-31.578327348,147.192327548
570,New South Wales,NSW1,NCEN,132,0,0.0003403917163013482,-31.835172195,147.722685632
571,New South Wales,NSW1,NCEN,132,0,0.0005816801148454206,-31.832499997,147.724332997
573,New South Wales,NSW1,NCEN,132,0,0.0015134445525154421,-31.552740361,147.08535195
574,New South Wales,NSW1,NCEN,330,0,0.004076524023989341,-33.7880079999999,150.6485235
575,New South Wales,NSW1,NCEN,132,0,0.010080843923963056,-33.7465860899999,150.692370939
576,New South Wales,NSW1,NCEN,132,0,0.00826223656688732,-33.781827031,150.968720906
577,New South Wales,NSW1,NCEN,132,0,0.00361807609331337,-33.811944062,150.795353177
578,New South Wales,NSW1,NCEN,132,0,0.0045547192164676585,-33.6281265,150.813457
579,Queensland,QLD1,NQ,110,0,0.007478991677130905,-18.329395779,143.521936903
581,Queensland,QLD1,SEQ,110,0,0.016182745489186606,-27.973284,153.40987
582,Queensland,QLD1,SEQ,110,0,0.008669048201025422,-27.4756199999999,153.0127615
583,South Australia,SA1,NSA,275,0,0.0003738050169371458,-32.931548015,137.544810034
584,South Australia,SA1,NSA,275,0,0.005191394919116028,-32.537009554,137.813
585,South Australia,SA1,NSA,275,0,0.002222670116955782,-32.539279,137.78188
586,South Australia,SA1,NSA,132,0,3.888086512763299e-05,-32.986950174,137.774116821
587,South Australia,SA1,NSA,275,0,0.00012809664715899286,-32.5432541879999,137.788204203
588,South Australia,SA1,NSA,275,0,0.001353729283105967,-32.53832346,137.783810616
589,New South Wales,NSW1,NNS,330,0,0.002573286458675358,-30.532698749,151.712995232
590,New South Wales,NSW1,NNS,132,0,0.001910344310340194,-30.5174555579999,151.566988475
591,Queensland,QLD1,SEQ,110,0,0.0022612776215410273,-27.593918619,152.818228394
592,South Australia,SA1,NSA,132,0,0.005716555661085201,-33.0523594269999,135.452374242
593,Tasmania,TAS1,TAS,110,0,0.010429550989749674,-42.4998624999999,147.9092015
594,South Australia,SA1,NSA,275,0,0.0023567368433795688,-33.195418,138.067305
595,South Australia,SA1,NSA,132,0,0.0005002201154296402,-33.7111120009999,138.11864901
596,New South Wales,NSW1,NCEN,330,0,0.0005090029680348986,-34.73369,150.46687
597,Queensland,QLD1,SEQ,110,0,0.008592557978414824,-28.0074435,153.3386125
598,Queensland,QLD1,SEQ,110,0,0.004385166345410721,-28.0697084999999,153.3763475
599,Queensland,QLD1,SEQ,275,0,0.009476325108097206,-28.093811,153.3972585
600,New South Wales,NSW1,NNS,132,0,0.0020623686310357156,-28.8903516309999,153.048542041
601,New South Wales,NSW1,NNS,330,0,0.0014801758242273244,-28.890469034,153.188638202
602,New South Wales,NSW1,NNS,132,0,0.005336642168147824,-28.8189285779999,153.243450103
603,New South Wales,NSW1,NNS,132,0,0.003351487928405322,-28.6921472299999,153.313143265
604,New South Wales,NSW1,NNS,132,0,0.006248183871398442,-28.241148568,153.503547928
605,New South Wales,NSW1,NNS,132,0,0.007222828563005783,-28.5712045619999,153.45279603
606,Queensland,QLD1,SEQ,110,0,0.006874928695297958,-28.0351827659999,153.407436941
607,New South Wales,NSW1,NCEN,132,0,0.004602733602804739,-33.244678979,151.492090369
608,New South Wales,NSW1,SWNSW,132,0,0.0007121775666069227,-34.741013019,145.953707039
609,New South Wales,NSW1,NCEN,500,0,0.0004464484932570292,-34.4417455,150.051059
610,Victoria,VIC1,LV,220,0,0.0011743439386848072,-38.2571644999999,146.4208465
612,South Australia,SA1,NSA,132,0,0.002162413044505944,-34.429165,137.888842
613,South Australia,SA1,NSA,132,0,0.0014508203621923159,-34.936008,137.7442405
614,Queensland,QLD1,NQ,132,0,0.00630234910814817,-15.8722963069999,144.861726838
615,Tasmania,TAS1,TAS,220,0,0.0003557468390455476,-41.48057641,146.134252704
616,Queensland,QLD1,CQ,275,0,9.93347703456617e-05,-23.855930185,151.192377216
617,Victoria,VIC1,MEL,220,0,0.0035810318044752405,-38.2329705,142.932312
618,Victoria,VIC1,MEL,500,0,0.002225216663978939,-38.179169622,142.181073307
619,Victoria,VIC1,MEL,500,0,0.0006079218673105494,-38.06221891,142.670380714
620,Victoria,VIC1,MEL,220,0,0.00458818374318057,-38.063169322,142.667478911
621,Victoria,VIC1,MEL,500,0,0.0028287073372930418,-38.064804309,142.184360247
622,Queensland,QLD1,NQ,275,0,4.6850191181354006e-05,-21.6317266569999,148.683198741
623,Tasmania,TAS1,TAS,220,0,0.03690356627049797,-41.0759478799999,145.891126782
624,Tasmania,TAS1,TAS,220,0,0.0006835200422391069,-41.7344679999999,145.5309725
625,Tasmania,TAS1,TAS,220,0,0.0016178308025819627,-41.812870292,145.65381993
626,Tasmania,TAS1,TAS,110,0,0.002093873648378407,-41.488735,145.4826995
627,South Australia,SA1,SESA,132,0,0.007118817253217515,-36.1079139,140.299088661
628,New South Wales,NSW1,NCEN,132,0,0.0014172907695722205,-33.8331796489999,151.072999447
629,New South Wales,NSW1,NCEN,132,0,0.0033467580034410934,-33.909084299,151.195262003
630,South Australia,SA1,SESA,132,0,0.007629675060303485,-36.965143,140.68796
631,New South Wales,NSW1,NCEN,132,0,0.003370751690134644,-33.6312695,151.1459305
632,New South Wales,NSW1,NCEN,132,0,0.006582886849521643,-33.92716991,151.230016571
633,New South Wales,NSW1,NCEN,132,0,0.0033386789594067896,-33.8358839439999,151.051354246
634,New South Wales,NSW1,NCEN,132,0,0.0013527863598823996,-33.005325,151.5577885
635,New South Wales,NSW1,NNS,132,0,0.0028721440431928587,-30.9773314409999,150.339748919
636,South Australia,SA1,ADE,275,0,0.07815555428031451,-34.8475134999999,138.633938
637,South Australia,SA1,ADE,275,0,0.1225320077404374,-34.939635,138.5798455
638,South Australia,SA1,ADE,275,0,0.01952835384178422,-34.8078616779999,138.523151547
639,New South Wales,NSW1,NCEN,330,0,0.00035101434533748313,-32.5271702819999,148.963164668
640,New South Wales,NSW1,NCEN,132,0,0.0002742836102865335,-32.570350423,148.954736143
641,New South Wales,NSW1,NCEN,132,0,0.0019045425667255586,-32.2487590109999,148.629355827
642,New South Wales,NSW1,NCEN,132,0,0.0014292297675405452,-32.2402362139999,148.580429706
643,New South Wales,NSW1,NCEN,132,0,0.0001379516363887767,-32.258638732,148.262824666
644,New South Wales,NSW1,NCEN,132,0,0.002318937836005538,-32.2693608169999,148.629874905
645,New South Wales,NSW1,NCEN,132,0,8.509216271397682e-05,-32.258429339,148.263509951
646,New South Wales,NSW1,NCEN,132,0,0.000624555848225866,-32.9169904999999,148.052871
647,New South Wales,NSW1,NCEN,132,0,0.0004194580883324641,-32.2360576469999,148.246882277
648,Queensland,QLD1,NQ,132,0,0.0024729434984631237,-19.200115887,146.619443326
649,South Australia,SA1,NSA,132,0,8.050710484901317e-05,-31.819052911,138.072232067
650,South Australia,SA1,NSA,132,0,0.0006335030543831003,-31.838215971,138.110481326
651,South Australia,SA1,SESA,132,0,0.008430752348464387,-37.8389319999999,140.804478
652,South Australia,SA1,SESA,132,0,0.01085077298408069,-37.8254425,140.731522
653,South Australia,SA1,SESA,132,0,0.0008991306152752624,-37.457059504,140.781707593
654,South Australia,SA1,SESA,132,0,0.0008457161474715516,-37.6642355,140.4166225
655,South Australia,SA1,SESA,132,0,0.004055018478211642,-37.664550618,140.415557539
656,South Australia,SA1,SESA,132,0,0.0019852317891089623,-37.456673,140.782692
657,South Australia,SA1,SESA,275,0,0.0024563688187719942,-37.7333629999999,140.840427
658,South Australia,SA1,SESA,132,0,0.0005611184066183036,-37.664542608,140.417059706
659,Queensland,QLD1,SWQ,330,0,0.0005249638784249651,-27.9211175899999,150.843106929
660,Queensland,QLD1,SWQ,330,0,1.8922450716326739e-06,-27.114229,150.9002875
661,Queensland,QLD1,SWQ,275,0,1.5370078613323293e-05,-27.110934028,150.905336915
662,Queensland,QLD1,SWQ,275,0,3.5665288286299446e-05,-27.112811268,150.904878261
663,Queensland,QLD1,SWQ,275,0,8.425124301365522e-05,-27.230433621,150.849804519
664,Queensland,QLD1,SWQ,275,0,0.0007371924881722637,-27.3048155719999,150.873646718
666,New South Wales,NSW1,CAN,330,0,8.383576753517218e-05,-35.881384102,148.367217376
667,New South Wales,NSW1,CAN,330,0,0.00013911420364308468,-35.611217729,148.291684576
668,Queensland,QLD1,SWQ,275,0,3.6794089399160337e-05,-27.116891413,150.894217018
669,New South Wales,NSW1,NCEN,132,0,0.012669291132805719,-32.9351359999999,151.736474
670,New South Wales,NSW1,NCEN,132,0,0.006211891682423717,-33.942310119,151.237997497
671,Queensland,QLD1,SEQ,275,0,0.0011929209508144108,-25.6905412309999,152.247576112
672,Queensland,QLD1,SEQ,132,0,0.0004071204692165898,-25.510958036,152.349032886
673,Queensland,QLD1,SEQ,132,0,0.0014869160768106859,-25.2551794999999,152.3666995
674,Queensland,QLD1,SEQ,132,0,0.001140198359049692,-25.5987797289999,152.593984582
675,Tasmania,TAS1,TAS,110,0,1.1465369745946638e-05,-42.30038859,146.457785528
676,Tasmania,TAS1,TAS,110,0,0.0034670846050616324,-42.6111989999999,146.845676
677,Queensland,QLD1,SEQ,132,0,0.019042187685151507,-25.498307381,152.667339926
678,New South Wales,NSW1,NCEN,132,0,0.0025091706356195564,-33.1888593319999,151.577413452
679,Victoria,VIC1,CVIC,220,0,0.02098150568106559,-36.784024498,144.253589775
680,New South Wales,NSW1,SWNSW,132,0,0.0057031839112747775,-36.0538175,146.952647
681,Victoria,VIC1,NVIC,330,0,0.005621213489297345,-36.1548151279999,146.950148462
682,Victoria,VIC1,NVIC,330,0,0.002075624464059208,-36.454287,146.990813
683,Victoria,VIC1,NVIC,220,0,0.0065559822260690005,-36.4935028689999,146.131972387
684,New South Wales,NSW1,NCEN,132,0,0.00037870162976079815,-33.657969189,151.040965801
686,Australian Capital Territory,NSW1,CAN,132,0,0.003913248775667285,-35.2462077449999,149.108617474
688,New South Wales,NSW1,CAN,132,0,0.00014136828521562212,-35.113537669,149.1823571
689,Australian Capital Territory,NSW1,CAN,132,0,0.004431525707270244,-35.459639302,149.117316769
690,Australian Capital Territory,NSW1,CAN,132,0,0.0001895521104734974,-35.331648172,149.180748152
691,Australian Capital Territory,NSW1,CAN,132,0,0.004806958866271528,-35.3398316349999,149.216890088
692,New South Wales,NSW1,CAN,330,0,0.0009795493495062223,-35.18739877,149.523009338
693,Australian Capital Territory,NSW1,CAN,330,0,0.0008455839743260895,-35.5853280169999,149.13332397
694,Australian Capital Territory,NSW1,CAN,132,0,0.006358849968165071,-35.3841048699999,149.095485424
695,Australian Capital Territory,NSW1,CAN,132,0,0.005762087603486314,-35.333669545,149.070424987
696,Tasmania,TAS1,TAS,110,0,0.04813178580051726,-41.423233438,147.112438629
697,Tasmania,TAS1,TAS,220,0,0.03162327638733344,-41.50146,147.095381
698,Tasmania,TAS1,TAS,110,0,0.042554053577345645,-41.473354,147.1848515
699,Tasmania,TAS1,TAS,110,0,0.009968855879350556,-41.785281647,147.727584188
700,Tasmania,TAS1,TAS,110,0,0.03461783578946389,-41.409230408,147.136422383
701,Tasmania,TAS1,TAS,110,0,0.04636281836098077,-41.4396768669999,147.176007332
703,Queensland,QLD1,CQ,132,0,4.179931789584867e-05,-23.831250887,151.152730566
704,New South Wales,NSW1,NCEN,132,0,0.011820874084287282,-33.8874968819999,151.018499002
705,Tasmania,TAS1,TAS,110,0,0.031740613743411694,-41.1715935,146.1622845
706,Tasmania,TAS1,TAS,220,0,0.004646573352372822,-41.811572708,146.919037642
707,Tasmania,TAS1,TAS,110,0,0.0011570148940461473,-41.988021992,146.861992662
708,Tasmania,TAS1,TAS,400,0,0.005129174620113817,-41.1143705,146.8921315
709,Tasmania,TAS1,TAS,220,0,0.0014882532240920912,-41.3357665,146.306969
710,Tasmania,TAS1,TAS,220,0,0.0016130036846278108,-41.478738,146.134909
711,Tasmania,TAS1,TAS,220,0,0.0031893376214700386,-41.7872955,146.9902045
712,New South Wales,NSW1,NCEN,330,1,0.00028120179140183607,-33.816076513,150.827946432
713,Tasmania,TAS1,TAS,220,1,5.151291657033049e-05,-41.1285675,146.8853275
714,Tasmania,TAS1,TAS,220,0,0.0024691325039160657,-41.6041695399999,146.139059279
715,New South Wales,NSW1,NCEN,132,0,0.016367793266160686,-33.9309484029999,150.871777277
716,New South Wales,NSW1,NCEN,330,0,0.000266740012370023,-33.402823634,150.083345032
717,Queensland,QLD1,SEQ,275,0,0.002414398285718047,-24.901506,151.81927
718,Queensland,QLD1,SEQ,132,0,0.0007283114666585251,-24.462746191,151.680811993
719,New South Wales,NSW1,NCEN,132,0,0.001146365535912149,-33.7607869399999,150.853430061
720,Queensland,QLD1,SEQ,132,0,0.000642485019195225,-24.466412071,151.66671572
721,New South Wales,NSW1,NCEN,132,0,0.004183726482060647,-33.7291127889999,150.978163057
722,Queensland,QLD1,SEQ,132,0,0.00020104349472422345,-24.4650604999999,151.667376
723,New South Wales,NSW1,NCEN,132,0,0.00021404853341146956,-33.813312191,150.836804226
724,Queensland,QLD1,SWQ,275,0,0.000609325821775178,-26.2676808059999,149.768243396
725,Queensland,QLD1,SWQ,275,0,0.0005475218640876317,-26.1910819559999,149.417452874
726,Queensland,QLD1,SWQ,132,0,5.472112460694174e-05,-26.286074895,149.67514639
727,Queensland,QLD1,SEQ,132,0,0.00753782547008527,-27.5989865289999,153.031526307
728,Queensland,QLD1,SEQ,110,0,0.005384098642798751,-27.8091422049999,153.044262282
729,Queensland,QLD1,SWQ,132,0,2.7833357110486882e-05,-26.248106873,149.498716404
730,Queensland,QLD1,SEQ,110,0,0.015066664110927544,-27.6153135,153.1212665
731,Queensland,QLD1,SEQ,132,0,0.026952142691138263,-27.220298,153.04766
732,Queensland,QLD1,SEQ,110,0,0.009675448693261392,-27.5260719999999,153.007643
733,Queensland,QLD1,SWQ,132,0,8.593179277133453e-05,-26.3555640069999,149.417754399
734,New South Wales,NSW1,SWNSW,132,0,0.0015905024516097018,-36.1054095929999,147.03255616
735,Victoria,VIC1,NVIC,220,0,0.000548775451682441,-36.7438865,147.1658615
736,Victoria,VIC1,NVIC,220,0,9.036588075746883e-06,-36.80546098,147.228033995
737,Victoria,VIC1,NVIC,220,0,5.250084061443376e-05,-36.804819004,147.230569034
738,Victoria,VIC1,NVIC,220,0,3.9516644203808054e-05,-36.7600659999999,147.186048
739,Victoria,VIC1,NVIC,220,0,0.0006715947444633339,-36.55642936,147.520579928
740,Victoria,VIC1,NVIC,220,0,0.005405334783533942,-36.858394,147.234542
741,Queensland,QLD1,SEQ,110,0,0.001931358240421627,-27.578066889,152.770744345
742,Victoria,VIC1,MEL,220,0,0.0351747103668572,-37.84158,144.788711
744,New South Wales,NSW1,NCEN,132,0,0.0012165658517575464,-31.6529665699999,151.502514595
745,Queensland,QLD1,SEQ,110,0,0.01685919143224451,-27.583291,153.070379
746,Queensland,QLD1,NQ,132,0,0.0009331764768446585,-17.062585441,145.434545557
747,Queensland,QLD1,NQ,275,0,0.0010433413729834264,-17.9548685469999,145.909403489
748,Queensland,QLD1,NQ,132,0,0.0035481611401294182,-17.535225,145.9733235
749,Queensland,QLD1,NQ,275,0,0.001033376910594077,-17.8006502389999,145.526572376
750,Queensland,QLD1,NQ,132,0,0.004435801917079159,-17.0627605,145.4351255
751,Queensland,QLD1,NQ,132,0,0.001122160865824583,-17.767349496,145.57910341
753,New South Wales,NSW1,NCEN,132,0,0.011901396523820593,-33.73870892,151.057518482
754,South Australia,SA1,NSA,132,0,0.0014318957810929712,-34.020784706,139.687323322
755,South Australia,SA1,ADE,132,0,0.0023530844352617846,-34.9190522879999,139.307536146
756,South Australia,SA1,ADE,132,0,0.0001553585887621502,-34.917069,139.2644765
757,South Australia,SA1,ADE,132,0,3.495555673886938e-05,-34.851558143,139.134041902
758,South Australia,SA1,ADE,132,0,0.0005302102806455113,-34.857425377,139.167599783
759,South Australia,SA1,ADE,275,0,0.0006207427821655211,-34.877748911,139.059503574
760,South Australia,SA1,ADE,132,0,0.0008912429161435471,-34.8502206169999,139.133855889
761,Queensland,QLD1,CQ,132,0,0.0003379940156538896,-24.190893,149.8741115
762,New South Wales,NSW1,CAN,132,0,0.00040933327331643535,-35.3367330479999,150.39873185
763,New South Wales,NSW1,CAN,132,0,0.0024719396402825295,-35.7179049279999,150.175248691
764,New South Wales,NSW1,CAN,132,0,0.00034880391724951973,-35.344677035,150.397837191
765,New South Wales,NSW1,CAN,132,0,0.003467483900590781,-35.023413105,150.575694999
766,Queensland,QLD1,NQ,132,0,0.0004374113398838018,-22.4786050189999,147.699278498
767,Queensland,QLD1,CQ,132,0,0.0007025879253497701,-22.8497046009999,147.610905733
768,Queensland,QLD1,NQ,132,0,0.0009459385522346667,-22.0602007909999,147.992074285
769,New South Wales,NSW1,CAN,132,0,0.0022744805711827723,-35.875373924,150.090989764
770,New South Wales,NSW1,CAN,132,0,0.0016998210916003885,-35.351231846,150.462920372
771,Tasmania,TAS1,TAS,110,0,0.020124753281246972,-41.592280365,148.183671488
772,New South Wales,NSW1,NCEN,132,0,0.0076631331560406074,-34.3414144999999,150.8818505
773,New South Wales,NSW1,NCEN,132,0,0.005494802422369285,-34.8905533409999,150.592285546
774,Victoria,VIC1,LV,500,0,1.4452514212596568e-05,-38.256447,146.58637
775,Victoria,VIC1,LV,500,0,0.0018546494369946773,-38.253622,146.589166
776,Victoria,VIC1,LV,220,0,1.1013522181455122e-05,-38.2588284999999,146.4198975
777,New South Wales,NSW1,NCEN,132,0,0.002235600032167782,-33.3500079999999,151.370504
778,Tasmania,TAS1,TAS,110,0,0.008412768285354902,-41.1428963559999,146.902997533
779,Tasmania,TAS1,TAS,110,0,0.048901702597438146,-41.1961034999999,146.3408765
780,Tasmania,TAS1,TAS,110,0,0.0014044881115824052,-41.2829355,146.2495775
781,Tasmania,TAS1,TAS,110,0,0.012045371526167364,-41.3340803149999,146.423334891
782,Tasmania,TAS1,TAS,110,0,0.002391398800121222,-41.282616047,146.248964079
783,Queensland,QLD1,CQ,132,0,1.4964797051299863e-06,-23.83082632,151.165384067
784,Queensland,QLD1,CQ,132,0,0.0007845604065981396,-23.4440405,150.5073645
785,New South Wales,NSW1,CAN,330,0,0.0014518399822510638,-34.8625993319999,148.904062828
786,New South Wales,NSW1,CAN,132,0,0.0027113072155635636,-34.5416514999999,148.3133775
787,Queensland,QLD1,SEQ,110,0,0.018286072631511,-27.4850175,153.0406545
789,New South Wales,NSW1,NCEN,132,0,0.004708420557948699,-33.648113172,151.120477504
790,New South Wales,NSW1,NCEN,132,0,0.012948420022798543,-33.420996708,151.331710089
791,Queensland,QLD1,SEQ,110,0,0.0007209808361216235,-27.4674125,153.018453
792,New South Wales,NSW1,NCEN,132,0,0.0005131850675402161,-33.8672695,151.203174
793,New South Wales,NSW1,NCEN,132,0,0.00043728073909692246,-33.879796229,151.207376953
795,South Australia,SA1,ADE,132,0,0.0061807269438751405,-34.8500812889999,138.80478184
796,South Australia,SA1,ADE,275,0,0.01520312903136432,-34.806844,138.521322
797,South Australia,SA1,ADE,275,0,0.004707444744481799,-34.7649719999999,138.505325
798,South Australia,SA1,NSA,275,0,0.0011341162968601882,-34.4626665,138.771348
799,Queensland,QLD1,NQ,132,0,0.004210213183726463,-19.32044616,146.717952717
800,Victoria,VIC1,MEL,220,0,0.05993748632491376,-37.8311354099999,145.001580924
801,Queensland,QLD1,NQ,132,0,0.0007948401029748374,-17.8096391129999,146.025579696
802,Australian Capital Territory,NSW1,CAN,132,0,0.002006571246705758,-35.410281691,149.141286574
804,New South Wales,NSW1,CAN,132,0,0.0001338656729371159,-35.11288559,149.166485642
806,Victoria,VIC1,CVIC,220,0,0.006863745013759866,-34.2918425,142.239323
807,New South Wales,NSW1,SWNSW,220,0,0.0022533043123142862,-34.1028295159999,142.259513023
808,Victoria,VIC1,CVIC,220,0,0.0019583047291549882,-34.7848569999999,142.5214605
809,South Australia,SA1,NSA,132,0,7.129375511693717e-05,-30.56996914,138.396660661
810,South Australia,SA1,NSA,132,0,0.0008401985472386319,-30.523788,138.387774
811,South Australia,SA1,NSA,132,0,1.7388715481397402e-05,-30.570263,138.393565
812,Queensland,QLD1,SWQ,132,0,0.0003417039832004031,-26.64841094,150.278592018
813,Queensland,QLD1,SWQ,275,0,3.1746911923084115e-05,-26.930979416,150.733529261
814,Queensland,QLD1,SWQ,132,0,0.0014470005526011484,-26.7444993239999,150.645175276
815,Queensland,QLD1,SWQ,275,0,0.00037172466889084775,-26.918677916,150.748121302
816,Queensland,QLD1,SWQ,275,0,0.00017250546523634849,-26.649153332,150.280098217
817,Queensland,QLD1,SWQ,132,0,0.0005345470105816121,-26.930995728,150.222061973
818,Queensland,QLD1,SWQ,132,0,6.700644160835756e-05,-26.672800415,150.226392592
819,Queensland,QLD1,SWQ,132,0,1.755101673743493e-05,-26.6682222119999,150.270014465
820,Queensland,QLD1,SWQ,132,0,0.00012099452962486176,-26.8940618089999,150.550589808
821,Queensland,QLD1,SWQ,132,0,9.511219748801175e-05,-26.796913101,150.205762665
822,Queensland,QLD1,NQ,132,0,0.0017309595748979363,-20.388700323,148.539450702
823,Queensland,QLD1,NQ,132,0,0.0032815082343400294,-20.388501,148.539783
824,Queensland,QLD1,NQ,132,0,0.002108393816265788,-20.0178309209999,148.16751337
825,Tasmania,TAS1,TAS,110,0,0.00012797091054388875,-42.2966709999999,146.456543
826,Queensland,QLD1,SWQ,110,0,0.009700232432679036,-27.562210858,151.950530532
827,New South Wales,NSW1,NCEN,132,0,0.0009734645166390315,-32.5314074999999,151.076202
828,New South Wales,NSW1,NCEN,330,0,0.0017056701937135147,-32.890168,151.7099465
829,Tasmania,TAS1,TAS,220,0,0.0024076599638756337,-41.72376958,145.13594835
830,Tasmania,TAS1,TAS,110,0,0.0015725505831523693,-41.699749738,145.646118575
831,Queensland,QLD1,SWQ,110,0,0.005812918219548157,-28.1968785,152.05077
832,Tasmania,TAS1,TAS,110,0,0.003896176162782516,-41.4875749999999,145.2123595
833,New South Wales,NSW1,NCEN,132,0,0.0010714042026496746,-32.670549729,151.703670332
834,Queensland,QLD1,NQ,132,0,5.130202977118986e-05,-21.643085578,148.011190289
835,Queensland,QLD1,NQ,132,0,0.00040092715248148396,-21.573503713,148.384465769
836,Queensland,QLD1,NQ,132,0,0.0002845210759112529,-21.9865469329999,148.024670309
837,Queensland,QLD1,NQ,132,0,0.00011570833127650084,-21.9129771679999,148.352802183
838,Queensland,QLD1,NQ,132,0,1.8076544742020563e-05,-21.692172,148.210693
839,Queensland,QLD1,NQ,132,0,0.00013014200442917762,-21.8132952729999,148.132639491
840,Queensland,QLD1,NQ,275,0,0.0001414345060645014,-21.630021139,148.682714057
841,Queensland,QLD1,NQ,132,0,0.0006270368985510981,-21.776004074,148.885454064
842,Queensland,QLD1,NQ,132,0,0.00018717612708630646,-21.717932747,148.023363999
843,Queensland,QLD1,NQ,132,0,7.47722264597315e-05,-21.9791382069999,148.228276577
844,New South Wales,NSW1,NCEN,132,0,0.0003495183737143831,-33.35124294,150.022645934
845,New South Wales,NSW1,NCEN,132,0,0.0049186626576681585,-33.733037581,150.602966475
846,New South Wales,NSW1,NCEN,132,0,0.00047885638898604167,-33.6684623629999,150.331807464
847,New South Wales,NSW1,NCEN,132,0,0.010915606203595043,-33.763580373,150.792081458
848,New South Wales,NSW1,NCEN,132,0,3.23224585535369e-05,-33.812515,150.861683
849,New South Wales,NSW1,NCEN,132,0,0.001949508558657999,-33.720701,150.425736
850,New South Wales,NSW1,NCEN,132,0,0.0005470210418069732,-33.760384803,150.850825228
851,New South Wales,NSW1,NCEN,132,0,0.002228496625134707,-33.6922300419999,150.907974482
853,New South Wales,NSW1,NCEN,132,0,0.0007687302662363953,-33.882489656,150.597350212
854,Queensland,QLD1,SEQ,110,0,0.011884448185618205,-27.501353551,153.122691853
855,Queensland,QLD1,SEQ,110,0,0.007908248680420123,-27.724423455,153.208252275
856,Queensland,QLD1,SEQ,275,0,7.71150648463275e-07,-27.658893,152.814541
857,Queensland,QLD1,SEQ,275,0,0.001445059713889264,-27.3830634999999,152.647549
858,Queensland,QLD1,SEQ,110,0,0.003911744416824596,-27.499524,152.452403
859,Queensland,QLD1,SEQ,110,0,0.01062369524152274,-27.065143,152.963132
860,Queensland,QLD1,SEQ,110,0,0.006337640654410187,-27.9649034999999,152.992965
861,Victoria,VIC1,MEL,220,0,0.016322638012476343,-38.082624,144.3384975
862,Victoria,VIC1,MEL,500,0,0.007544425723528519,-38.037,144.2968085
863,Victoria,VIC1,MEL,220,0,0.02291703341887081,-38.135029194,144.422282569
864,Victoria,VIC1,MEL,220,0,0.005642879471912785,-38.385479513,144.183685692
865,New South Wales,NSW1,NCEN,132,0,0.0027316012325323256,-33.811723,151.145072
866,Tasmania,TAS1,TAS,110,0,0.0244187415684116,-42.8606169999999,147.407549
867,Tasmania,TAS1,TAS,110,0,0.019533941127803114,-42.835935473,147.316465
868,South Australia,SA1,NSA,132,0,0.003262521243038206,-33.9030999999999,138.7383
869,New South Wales,NSW1,NCEN,132,0,0.007231768623471468,-33.966294472,151.062663934
870,South Australia,SA1,NSA,132,0,0.0002483289090338527,-33.713542447,138.140393625
871,South Australia,SA1,NSA,132,0,0.0007382800349539398,-33.989832,138.8765395
872,Queensland,QLD1,SWQ,110,0,0.002601693117875258,-28.6453205,151.916848
873,New South Wales,NSW1,NNS,132,0,0.001946112509755427,-30.3169637679999,149.797713302
874,New South Wales,NSW1,NCEN,132,0,0.0006180305386411841,-33.7431515869999,151.196855137
875,New South Wales,NSW1,NNS,330,0,0.004606777367610646,-30.252837459,153.036910294
876,New South Wales,NSW1,NNS,132,0,0.0016459993261278435,-30.4626460229999,153.001293876
877,New South Wales,NSW1,NNS,132,0,0.004275785647387937,-30.345123374,153.067310485
878,New South Wales,NSW1,NCEN,330,0,0.0012097386972461208,-33.308009,151.4334605
879,South Australia,SA1,ADE,275,0,0.0030579618407650653,-35.270796138,139.492437601
880,South Australia,SA1,ADE,132,0,0.001738982418317335,-35.0570348689999,139.016460713
881,South Australia,SA1,ADE,132,0,0.006852179616848937,-35.095553471,139.287469878
882,South Australia,SA1,ADE,132,0,0.00010057077323235329,-35.0645989999999,139.2664035
883,South Australia,SA1,ADE,132,0,0.0047602531210370145,-35.093372131,139.209850528
884,South Australia,SA1,ADE,132,0,0.004090190979299332,-35.0961086039999,139.012765382
885,South Australia,SA1,NSA,132,0,0.00600189606377014,-34.7003344409999,135.804423826
886,South Australia,SA1,NSA,132,0,0.0001646141530157288,-34.850022,135.594413
887,Queensland,QLD1,NQ,132,0,0.0034721026402740147,-21.1595659999999,149.01417
888,Queensland,QLD1,NQ,132,0,0.002002082692712099,-21.469026868,149.233847197
889,Queensland,QLD1,NQ,132,0,0.009197763594600204,-21.1451109999999,149.15861
890,Queensland,QLD1,NQ,132,0,0.0009309054836952759,-21.3243155,149.1918295
891,Queensland,QLD1,NQ,132,0,0.008979875006808724,-21.113055055,149.209544588
892,Queensland,QLD1,NQ,132,0,0.00018542538355471197,-21.296261655,149.269209572
893,New South Wales,NSW1,NCEN,132,0,0.0006720675437521846,-34.459172559,150.860500514
894,New South Wales,NSW1,NCEN,132,0,0.0008839316339090776,-34.522247412,150.80715372
895,New South Wales,NSW1,NCEN,132,0,0.002808548698059322,-34.4724701119999,150.900210584
896,New South Wales,NSW1,NCEN,132,0,0.0022290461899612856,-34.24039082,150.949199567
897,New South Wales,NSW1,NCEN,132,0,0.004621761187470174,-34.5830695229999,150.777055177
899,New South Wales,NSW1,NCEN,330,0,7.649622218317016e-05,-34.72297,150.47953
900,New South Wales,NSW1,NCEN,132,0,0.002327669397302142,-34.0734399999999,150.742689
901,New South Wales,NSW1,NCEN,132,0,0.002258435315888401,-34.5830695229999,150.776983793
902,New South Wales,NSW1,NCEN,500,0,0.00013811938400082237,-34.447087407,150.052456815
903,Tasmania,TAS1,TAS,220,0,0.001872411585999923,-41.673307337,146.268347737
904,Queensland,QLD1,CQ,132,0,0.00011381862831023075,-23.826261099,151.202091265
905,New South Wales,NSW1,NCEN,500,0,0.00022493143979357785,-33.0609969999999,151.5154645
906,Queensland,QLD1,SEQ,110,0,0.008280661270495213,-27.441208391,153.038782118
907,New South Wales,NSW1,NCEN,132,0,0.0005570934864951003,-33.738773432,151.204087055
908,New South Wales,NSW1,NCEN,132,0,0.0009302951398374475,-33.8164461759999,151.010113781
909,New South Wales,NSW1,NCEN,500,0,0.0004032027791990824,-33.0620749239999,151.520647915
910,New South Wales,NSW1,NCEN,132,0,0.00019641957007516321,-33.9143327149999,151.187903696
911,New South Wales,NSW1,NCEN,132,0,0.009743226493035908,-33.936978145,151.039272709
912,New South Wales,NSW1,NCEN,132,0,0.00230754229921797,-33.267195145,151.437880543
913,New South Wales,NSW1,NCEN,132,0,0.005399737765619786,-33.814705257,151.140727148
914,South Australia,SA1,ADE,132,0,0.005084686562878876,-34.8473059999999,138.936869
915,New South Wales,NSW1,NCEN,132,0,0.004809020967452631,-33.8834760729999,151.246688944
916,New South Wales,NSW1,NCEN,330,0,2.681243457557546e-05,-33.2098015349999,151.54010284
917,Queensland,QLD1,SEQ,110,0,0.00902685551697147,-27.4167558619999,152.906144685
918,Queensland,QLD1,SEQ,275,0,1.2373664257694882e-06,-27.6553743109999,152.817938156
919,New South Wales,NSW1,NNS,132,0,0.0007814606910495726,-28.8981754549999,153.045284121
920,Queensland,QLD1,SEQ,110,0,0.0009582587101996329,-27.464933,153.0283715
921,Australian Capital Territory,NSW1,CAN,132,0,3.17786637942587e-05,-35.331606724,149.180978503
922,New South Wales,NSW1,SWNSW,132,0,0.0028745815915847284,-35.5572150959999,145.031314472
923,New South Wales,NSW1,SWNSW,132,0,0.0008809200390186614,-35.6397883029999,145.512743451
924,New South Wales,NSW1,SWNSW,132,0,0.0011535518792487691,-35.973376473,145.999588995
925,New South Wales,NSW1,SWNSW,132,0,0.0009759171592940845,-35.9555058939999,145.983202899
926,New South Wales,NSW1,SWNSW,132,0,0.0005728504101718192,-35.638427,145.5132195
927,South Australia,SA1,NSA,132,0,0.0046245173796515176,-35.110350449,137.705777764
928,Queensland,QLD1,CQ,275,0,0.0003611863046847489,-24.3343189999999,150.628405
929,Queensland,QLD1,CQ,132,0,0.0004407643642564025,-24.386390138,150.502034221
930,Queensland,QLD1,CQ,275,0,0.00023776532126641928,-24.3426034999999,150.6274575
931,Queensland,QLD1,CQ,275,0,5.7867737850355266e-06,-24.3448799999999,150.619749
932,Queensland,QLD1,CQ,132,0,0.0007869497628717739,-24.5138434739999,150.065439636
933,Queensland,QLD1,CQ,275,0,6.8925047862087655e-06,-24.3449459999999,150.618181
934,Queensland,QLD1,CQ,132,0,0.0012960616562272757,-24.4015874999999,150.508116
935,New South Wales,NSW1,NCEN,330,0,0.0014576703035348796,-33.211691,151.541837
936,Tasmania,TAS1,TAS,110,0,2.7493872104584833e-05,-42.301208,146.457156
937,New South Wales,NSW1,NCEN,132,0,0.004397709406177657,-33.8916292019999,151.26049957
938,Tasmania,TAS1,TAS,220,0,0.0010025780136530013,-42.154834584,145.534476782
939,Tasmania,TAS1,TAS,110,0,0.001139982298591333,-42.066135,145.56022
940,Tasmania,TAS1,TAS,220,0,8.771494560576e-06,-42.7404969999999,145.9820005
941,Queensland,QLD1,SWQ,110,0,0.0005410929146323972,-27.429564018,151.707097536
942,Queensland,QLD1,SWQ,110,0,0.00017692732259982682,-27.6981529999999,151.6638025
943,New South Wales,NSW1,NCEN,132,0,0.0036680367219856878,-32.71211915,151.327660632
944,Tasmania,TAS1,TAS,220,0,0.0088802438723074,-41.0767711899999,145.891201898
945,Tasmania,TAS1,TAS,110,0,0.005661142535377323,-41.269811879,145.727427458
946,New South Wales,NSW1,NCEN,132,0,0.010082120865525419,-32.940257618,151.626688488
947,New South Wales,NSW1,NCEN,132,0,0.004456264556308835,-32.88781463,151.652272691
948,New South Wales,NSW1,NCEN,132,0,0.0017508137204660362,-32.8851649229999,151.741982527
949,New South Wales,NSW1,NCEN,132,0,0.00046314250828975717,-32.580206,151.071936
950,New South Wales,NSW1,NCEN,132,0,0.005752163610126091,-33.830015907,151.008893769
952,New South Wales,NSW1,NNS,132,0,0.002885136891091419,-31.098198445,152.819300799
953,New South Wales,NSW1,NCEN,132,0,0.009607119303089,-31.899287,152.4516005
955,New South Wales,NSW1,NCEN,132,0,0.008974514766211767,-31.4498229389999,152.835446065
957,New South Wales,NSW1,NCEN,132,0,0.0010792210591583505,-33.841765998,150.912261843
958,New South Wales,NSW1,NCEN,132,0,0.006344461578264308,-33.735388062,150.885936244
959,Queensland,QLD1,CQ,132,0,0.0014919700619529157,-24.389554,148.435928
960,Queensland,QLD1,SEQ,110,0,0.0014886914417810918,-27.469999,153.0279965
