SETTLEMENTDATE,NSW1,QLD1,SA1,TAS1,VIC1
2017-06-01 00:30:00,8572.87,5475.28,1600.75,1107.02,5310.48
2017-06-01 01:00:00,8371.16,5385.01,1520.4,1087.24,5079.69
2017-06-01 01:30:00,8130.71,5259.66,1410.73,1092.5,4892.63
2017-06-01 02:00:00,7955.09,5177.94,1308.79,1062.28,4705.56
2017-06-01 02:30:00,7593.76,5133.65,1267.52,1021.93,4540.4
2017-06-01 03:00:00,7344.15,5095.52,1220.88,1011.36,4436.18
2017-06-01 03:30:00,7148.16,5111.89,1208.84,1031.47,4347.12
2017-06-01 04:00:00,7067.28,5136.84,1178.09,1035.64,4368.87
2017-06-01 04:30:00,7038.55,5217.82,1152.97,1040.81,4413.39
2017-06-01 05:00:00,7169.65,5339.63,1147.05,1058.0,4476.57
2017-06-01 05:30:00,7565.74,5615.03,1177.78,1088.76,4601.05
2017-06-01 06:00:00,8011.63,5846.36,1247.41,1139.67,4885.78
2017-06-01 06:30:00,8857.61,6267.8,1319.25,1218.43,5375.46
2017-06-01 07:00:00,9631.42,6607.19,1485.24,1332.09,5886.43
2017-06-01 07:30:00,10091.15,6949.66,1648.29,1439.02,6183.68
2017-06-01 08:00:00,10427.01,6869.43,1808.79,1517.91,6507.95
2017-06-01 08:30:00,10276.36,6623.89,1902.74,1389.63,6571.63
2017-06-01 09:00:00,9926.04,6424.07,1884.04,1390.38,6584.95
2017-06-01 09:30:00,9758.9,6255.94,1811.63,1393.17,6589.94
2017-06-01 10:00:00,9540.28,6076.74,1739.08,1353.67,6503.65
2017-06-01 10:30:00,9323.49,5943.1,1626.47,1312.4,6404.76
2017-06-01 11:00:00,9083.89,5808.03,1535.54,1274.43,6246.65
2017-06-01 11:30:00,8864.3,5742.47,1429.88,1246.44,6216.26
2017-06-01 12:00:00,8700.42,5728.86,1380.31,1237.51,6115.08
2017-06-01 12:30:00,8591.27,5705.79,1355.62,1224.98,6092.36
2017-06-01 13:00:00,8539.26,5702.33,1335.85,1204.27,6032.47
2017-06-01 13:30:00,8491.18,5769.26,1322.37,1206.92,6091.03
2017-06-01 14:00:00,8470.89,5851.41,1341.6,1192.1,6104.06
2017-06-01 14:30:00,8483.58,5967.76,1334.49,1208.81,6091.66
2017-06-01 15:00:00,8543.67,6020.5,1363.35,1208.51,6035.64
2017-06-01 15:30:00,8668.69,6139.99,1376.44,1231.37,6079.68
2017-06-01 16:00:00,8930.52,6338.44,1423.71,1257.05,6148.77
2017-06-01 16:30:00,9218.9,6549.13,1491.15,1294.66,6249.07
2017-06-01 17:00:00,9735.82,6833.08,1610.06,1346.98,6482.45
2017-06-01 17:30:00,10498.94,7096.5,1749.15,1430.52,6758.44
2017-06-01 18:00:00,11074.79,7322.99,1947.23,1466.07,7020.45
2017-06-01 18:30:00,11126.74,7378.95,2149.25,1461.72,7011.71
2017-06-01 19:00:00,11072.95,7431.81,2192.11,1464.5,6884.1
2017-06-01 19:30:00,10869.6,7309.9,2195.87,1440.25,6730.58
2017-06-01 20:00:00,10684.24,7235.68,2184.05,1401.56,6590.41
2017-06-01 20:30:00,10489.53,7188.64,2147.82,1414.24,6413.93
2017-06-01 21:00:00,10243.21,6968.92,2075.61,1363.3,6315.49
2017-06-01 21:30:00,9960.21,6745.38,2026.66,1340.26,6063.07
2017-06-01 22:00:00,9555.35,6513.14,1929.95,1309.06,5846.9
2017-06-01 22:30:00,9424.86,6358.9,1814.13,1257.18,5607.19
2017-06-01 23:00:00,9040.25,6262.42,1699.01,1209.59,5411.38
2017-06-01 23:30:00,8905.68,6045.7,1619.28,1161.83,5596.98
2017-06-02 00:00:00,8725.67,5732.29,1796.05,1121.12,5546.6
2017-06-02 00:30:00,8489.04,5512.46,1675.34,1128.56,5269.56
2017-06-02 01:00:00,8306.05,5392.04,1585.15,1123.82,5075.9
2017-06-02 01:30:00,8108.23,5270.98,1465.97,1113.26,4920.91
2017-06-02 02:00:00,7898.51,5170.32,1350.77,1078.44,4705.66
2017-06-02 02:30:00,7538.95,5156.51,1275.89,1052.98,4557.59
2017-06-02 03:00:00,7272.18,5154.22,1242.02,1068.32,4459.63
2017-06-02 03:30:00,7059.36,5134.68,1207.56,1065.9,4387.37
2017-06-02 04:00:00,6979.48,5153.34,1191.5,1060.85,4352.13
2017-06-02 04:30:00,6986.6,5226.43,1197.7,1080.69,4378.7
2017-06-02 05:00:00,7102.93,5367.36,1212.35,1106.61,4416.31
2017-06-02 05:30:00,7548.69,5637.63,1218.96,1143.82,4627.43
2017-06-02 06:00:00,8002.41,5908.07,1281.2,1210.77,4923.26
2017-06-02 06:30:00,8845.49,6322.48,1392.47,1264.28,5304.0
2017-06-02 07:00:00,9584.21,6703.78,1537.22,1325.61,5832.98
2017-06-02 07:30:00,10070.1,7055.53,1695.76,1433.28,6159.27
2017-06-02 08:00:00,10326.69,6997.64,1852.77,1504.98,6478.69
2017-06-02 08:30:00,10234.13,6784.47,1963.57,1503.24,6609.6
2017-06-02 09:00:00,9905.47,6519.26,1931.66,1496.76,6477.96
2017-06-02 09:30:00,9699.72,6339.87,1838.96,1400.67,6520.38
2017-06-02 10:00:00,9514.21,6176.17,1754.24,1341.64,6377.27
2017-06-02 10:30:00,9254.49,6029.33,1637.9,1351.75,6229.51
2017-06-02 11:00:00,9053.47,5889.68,1544.57,1323.79,6084.65
2017-06-02 11:30:00,8902.24,5794.55,1439.66,1293.54,5930.04
2017-06-02 12:00:00,8816.64,5769.72,1398.88,1286.21,5864.85
2017-06-02 12:30:00,8693.43,5765.64,1365.61,1240.39,5849.57
2017-06-02 13:00:00,8593.2,5795.59,1345.79,1213.5,5781.06
2017-06-02 13:30:00,8601.43,5821.91,1315.73,1182.05,5805.56
2017-06-02 14:00:00,8579.48,5887.03,1308.09,1154.61,5834.87
2017-06-02 14:30:00,8600.17,5984.73,1302.17,1161.5,5852.45
2017-06-02 15:00:00,8629.63,6059.13,1318.46,1169.98,5853.67
2017-06-02 15:30:00,8636.39,6186.05,1347.38,1186.14,5863.51
2017-06-02 16:00:00,8873.65,6360.77,1387.28,1211.39,5944.51
2017-06-02 16:30:00,9251.4,6560.34,1466.2,1310.52,6103.03
2017-06-02 17:00:00,9784.06,6787.04,1575.8,1359.51,6323.47
2017-06-02 17:30:00,10323.78,6971.97,1707.63,1421.09,6528.17
2017-06-02 18:00:00,10714.7,7117.83,1903.28,1445.86,6753.36
2017-06-02 18:30:00,10601.54,7121.04,2066.8,1443.36,6697.55
2017-06-02 19:00:00,10410.15,7084.74,2103.64,1423.25,6594.98
2017-06-02 19:30:00,10155.75,7004.12,2102.53,1386.48,6351.98
2017-06-02 20:00:00,9945.66,6937.28,2072.89,1356.87,6284.88
2017-06-02 20:30:00,9850.07,6898.24,2028.56,1353.09,6145.4
2017-06-02 21:00:00,9625.61,6762.36,1987.14,1328.22,6014.0
2017-06-02 21:30:00,9407.49,6621.38,1961.02,1296.35,5823.64
2017-06-02 22:00:00,9200.24,6423.31,1900.51,1210.7,5576.06
2017-06-02 22:30:00,9132.27,6297.67,1831.48,1156.52,5425.02
2017-06-02 23:00:00,8858.75,6234.47,1725.29,1108.6,5298.85
2017-06-02 23:30:00,8776.27,6018.69,1652.82,1066.47,5517.76
2017-06-03 00:00:00,8576.16,5687.6,1818.79,1067.73,5496.78
2017-06-03 00:30:00,8422.39,5525.77,1687.7,1069.21,5236.6
2017-06-03 01:00:00,8165.87,5368.36,1570.25,1063.62,5041.35
2017-06-03 01:30:00,7932.13,5265.97,1451.4,1051.58,4830.14
2017-06-03 02:00:00,7681.38,5178.4,1353.01,1061.23,4600.63
2017-06-03 02:30:00,7368.59,5134.94,1312.49,1054.21,4477.21
2017-06-03 03:00:00,7106.8,5102.64,1256.51,1055.55,4427.93
2017-06-03 03:30:00,6886.0,5106.76,1227.56,1058.65,4286.42
2017-06-03 04:00:00,6736.88,5099.38,1194.36,1051.56,4214.7
2017-06-03 04:30:00,6723.49,5127.12,1159.15,1067.28,4215.63
2017-06-03 05:00:00,6758.98,5169.04,1156.55,1087.56,4230.87
2017-06-03 05:30:00,6912.87,5317.05,1160.75,1098.12,4307.63
2017-06-03 06:00:00,7083.06,5422.96,1183.55,1114.98,4399.2
2017-06-03 06:30:00,7364.37,5598.78,1224.05,1150.81,4585.15
2017-06-03 07:00:00,7731.38,5759.85,1297.88,1207.53,4807.16
2017-06-03 07:30:00,8103.26,5990.77,1369.24,1245.67,4893.29
2017-06-03 08:00:00,8579.51,6020.6,1449.21,1324.15,5134.42
2017-06-03 08:30:00,8841.96,6048.88,1566.55,1336.76,5366.27
2017-06-03 09:00:00,8856.3,6041.3,1606.05,1337.13,5454.89
2017-06-03 09:30:00,8879.89,5896.23,1603.61,1345.83,5488.66
2017-06-03 10:00:00,8665.9,5720.86,1511.73,1328.51,5399.95
2017-06-03 10:30:00,8527.63,5610.57,1396.92,1293.17,5298.26
2017-06-03 11:00:00,8288.75,5441.33,1311.77,1232.0,5213.42
2017-06-03 11:30:00,8103.17,5350.82,1212.73,1236.08,5106.37
2017-06-03 12:00:00,8010.21,5300.15,1173.23,1226.2,4983.25
2017-06-03 12:30:00,7949.2,5232.14,1140.16,1181.75,4907.63
2017-06-03 13:00:00,7965.75,5264.15,1081.97,1164.3,4831.72
2017-06-03 13:30:00,8004.11,5279.48,1073.16,1173.97,4839.54
2017-06-03 14:00:00,7981.6,5298.25,1065.14,1159.45,4845.99
2017-06-03 14:30:00,7962.1,5387.88,1062.77,1163.19,4815.02
2017-06-03 15:00:00,7998.86,5505.24,1102.99,1172.53,4860.96
2017-06-03 15:30:00,8150.86,5641.28,1156.63,1179.76,4892.25
2017-06-03 16:00:00,8407.01,5844.87,1208.57,1200.39,5054.26
2017-06-03 16:30:00,8622.34,6078.73,1304.22,1225.14,5195.87
2017-06-03 17:00:00,9098.78,6328.91,1418.64,1292.92,5449.02
2017-06-03 17:30:00,9555.05,6697.76,1592.61,1368.28,5809.32
2017-06-03 18:00:00,9826.18,6845.09,1812.78,1406.39,6102.17
2017-06-03 18:30:00,9734.75,6790.82,1979.83,1394.73,6093.32
2017-06-03 19:00:00,9565.44,6798.11,2012.3,1376.36,5993.14
2017-06-03 19:30:00,9357.51,6642.26,1980.41,1352.26,5833.19
2017-06-03 20:00:00,9173.45,6587.76,1960.11,1333.93,5719.23
2017-06-03 20:30:00,9020.48,6516.26,1931.53,1318.41,5615.41
2017-06-03 21:00:00,8865.78,6348.05,1906.62,1301.49,5549.69
2017-06-03 21:30:00,8775.23,6234.69,1862.6,1273.71,5439.03
2017-06-03 22:00:00,8558.35,6130.76,1818.63,1272.73,5282.75
2017-06-03 22:30:00,8455.82,6003.49,1769.22,1242.28,5207.65
2017-06-03 23:00:00,8286.86,6010.59,1676.94,1197.86,5123.95
2017-06-03 23:30:00,8237.93,5826.43,1644.99,1157.73,5365.52
2017-06-04 00:00:00,8031.66,5567.05,1848.64,1120.19,5362.59
2017-06-04 00:30:00,7812.09,5394.72,1731.51,1107.71,5141.02
2017-06-04 01:00:00,7591.82,5270.38,1626.44,1096.94,4962.43
2017-06-04 01:30:00,7431.28,5133.96,1524.17,1075.56,4745.12
2017-06-04 02:00:00,7210.34,5051.77,1412.81,1072.52,4508.0
2017-06-04 02:30:00,6937.53,5001.83,1354.93,1069.05,4369.84
2017-06-04 03:00:00,6684.63,4991.33,1329.86,1058.21,4262.41
2017-06-04 03:30:00,6524.41,4976.82,1285.6,1054.9,4177.77
2017-06-04 04:00:00,6457.11,4991.24,1235.71,1026.12,4138.76
2017-06-04 04:30:00,6455.63,5000.58,1224.03,1027.16,4092.85
2017-06-04 05:00:00,6521.18,5045.72,1209.92,1040.68,4075.48
2017-06-04 05:30:00,6551.98,5116.05,1223.43,1047.17,4140.33
2017-06-04 06:00:00,6722.05,5199.29,1253.68,1062.31,4221.81
2017-06-04 06:30:00,6959.7,5304.99,1276.97,1087.46,4350.95
2017-06-04 07:00:00,7166.48,5434.85,1296.97,1117.3,4489.7
2017-06-04 07:30:00,7487.78,5610.08,1339.17,1159.47,4571.61
2017-06-04 08:00:00,7932.51,5640.8,1377.37,1204.48,4771.67
2017-06-04 08:30:00,8290.41,5663.51,1472.48,1230.12,5047.51
2017-06-04 09:00:00,8451.56,5626.76,1529.24,1254.79,5157.67
2017-06-04 09:30:00,8463.53,5603.41,1503.05,1295.3,5198.16
2017-06-04 10:00:00,8331.53,5508.76,1462.72,1276.57,5174.68
2017-06-04 10:30:00,8198.93,5386.0,1371.25,1271.49,5140.34
2017-06-04 11:00:00,7978.82,5291.88,1293.63,1288.02,4980.9
2017-06-04 11:30:00,7813.14,5190.03,1208.55,1209.14,4818.91
2017-06-04 12:00:00,7712.16,5222.39,1160.92,1272.43,4702.35
2017-06-04 12:30:00,7602.35,5207.35,1132.88,1265.79,4643.84
2017-06-04 13:00:00,7548.34,5254.36,1125.07,1265.03,4569.28
2017-06-04 13:30:00,7524.57,5261.21,1114.83,1247.86,4561.89
2017-06-04 14:00:00,7498.03,5298.79,1135.08,1246.67,4551.73
2017-06-04 14:30:00,7547.84,5398.82,1146.29,1265.75,4552.93
2017-06-04 15:00:00,7599.64,5501.09,1196.75,1280.41,4548.24
2017-06-04 15:30:00,7721.27,5637.46,1237.73,1299.48,4653.26
2017-06-04 16:00:00,7998.33,5829.64,1288.61,1319.25,4821.82
2017-06-04 16:30:00,8304.56,6074.19,1376.73,1322.98,5093.28
2017-06-04 17:00:00,8842.51,6333.75,1516.14,1364.78,5423.59
2017-06-04 17:30:00,9453.12,6730.01,1701.25,1435.67,5780.68
2017-06-04 18:00:00,9934.9,6947.83,1929.68,1458.17,6204.2
2017-06-04 18:30:00,9949.14,6974.35,2094.76,1438.17,6251.33
2017-06-04 19:00:00,9839.22,6927.09,2106.37,1419.11,6139.39
2017-06-04 19:30:00,9623.3,6784.77,2085.28,1392.33,6016.6
2017-06-04 20:00:00,9418.73,6682.28,2025.64,1370.62,5912.65
2017-06-04 20:30:00,9315.24,6600.77,1979.49,1357.54,5819.43
2017-06-04 21:00:00,9142.82,6450.29,1925.8,1304.67,5682.48
2017-06-04 21:30:00,8956.73,6269.96,1855.35,1270.1,5533.73
2017-06-04 22:00:00,8704.07,6116.51,1774.73,1234.8,5299.66
2017-06-04 22:30:00,8550.57,6010.6,1704.75,1181.01,5083.68
2017-06-04 23:00:00,8238.97,5939.31,1606.91,1139.1,4945.98
2017-06-04 23:30:00,8106.73,5812.87,1534.98,1121.6,5215.37
2017-06-05 00:00:00,7865.59,5504.68,1736.8,1108.17,5196.41
2017-06-05 00:30:00,7684.23,5347.78,1618.35,1081.77,4972.29
2017-06-05 01:00:00,7519.38,5227.03,1561.6,1077.53,4783.23
2017-06-05 01:30:00,7390.96,5141.14,1455.13,1068.56,4613.94
2017-06-05 02:00:00,7234.57,5086.89,1367.83,1050.6,4430.12
2017-06-05 02:30:00,6966.86,5020.14,1324.45,1042.87,4292.54
2017-06-05 03:00:00,6782.65,5014.63,1288.45,1044.18,4178.81
2017-06-05 03:30:00,6655.71,5013.58,1253.71,1050.42,4120.29
2017-06-05 04:00:00,6586.09,5042.87,1214.76,1049.47,4106.9
2017-06-05 04:30:00,6645.09,5101.49,1198.11,1067.01,4105.56
2017-06-05 05:00:00,6790.71,5243.68,1195.34,1072.38,4194.25
2017-06-05 05:30:00,7199.06,5511.62,1224.82,1105.94,4414.72
2017-06-05 06:00:00,7699.88,5784.4,1296.64,1155.15,4692.74
2017-06-05 06:30:00,8519.69,6217.77,1371.31,1224.44,5177.96
2017-06-05 07:00:00,9246.99,6586.36,1498.01,1313.96,5669.59
2017-06-05 07:30:00,9772.28,6973.5,1669.69,1387.47,6054.88
2017-06-05 08:00:00,10074.27,6904.55,1835.91,1429.37,6422.74
2017-06-05 08:30:00,10005.19,6705.88,1909.13,1454.91,6561.41
2017-06-05 09:00:00,9810.81,6480.89,1898.77,1425.94,6525.89
2017-06-05 09:30:00,9657.75,6313.91,1847.64,1379.98,6513.25
2017-06-05 10:00:00,9387.78,6078.59,1805.19,1297.32,6407.29
2017-06-05 10:30:00,9187.48,5990.62,1739.85,1244.82,6273.06
2017-06-05 11:00:00,8974.74,5916.47,1608.64,1204.32,6151.48
2017-06-05 11:30:00,8767.75,5838.54,1504.62,1150.76,5942.68
2017-06-05 12:00:00,8584.6,5806.14,1421.03,1122.96,5847.21
2017-06-05 12:30:00,8512.79,5812.36,1413.89,1151.1,5834.74
2017-06-05 13:00:00,8400.1,5805.81,1387.84,1164.63,5754.74
2017-06-05 13:30:00,8378.91,5886.16,1359.51,1163.29,5744.13
2017-06-05 14:00:00,8383.06,5962.84,1373.92,1208.08,5807.19
2017-06-05 14:30:00,8343.52,6102.16,1362.57,1213.47,5799.61
2017-06-05 15:00:00,8418.43,6121.75,1340.0,1208.91,5763.59
2017-06-05 15:30:00,8514.74,6233.31,1345.88,1286.11,5694.06
2017-06-05 16:00:00,8705.91,6417.91,1368.63,1303.77,5761.89
2017-06-05 16:30:00,9009.6,6593.07,1445.47,1300.76,5983.96
2017-06-05 17:00:00,9581.0,6885.87,1559.5,1327.71,6264.57
2017-06-05 17:30:00,10322.71,7181.61,1715.02,1435.26,6465.84
2017-06-05 18:00:00,10796.5,7360.16,1882.23,1449.59,6660.38
2017-06-05 18:30:00,10856.51,7398.6,2003.62,1416.23,6644.1
2017-06-05 19:00:00,10752.84,7350.0,2025.41,1439.47,6512.25
2017-06-05 19:30:00,10524.2,7175.83,1997.45,1416.72,6302.06
2017-06-05 20:00:00,10323.99,7079.97,1966.08,1425.0,6098.77
2017-06-05 20:30:00,10153.54,6983.23,1923.55,1347.75,5815.68
2017-06-05 21:00:00,9946.14,6814.01,1843.31,1344.15,5640.34
2017-06-05 21:30:00,9594.26,6642.35,1770.33,1262.2,5437.27
2017-06-05 22:00:00,9278.92,6439.37,1687.29,1199.83,5160.75
2017-06-05 22:30:00,9152.52,6276.91,1586.82,1154.84,5008.65
2017-06-05 23:00:00,8816.94,6157.36,1490.75,1117.11,4889.37
2017-06-05 23:30:00,8633.93,5991.08,1445.66,1054.34,5061.72
2017-06-06 00:00:00,8567.67,5676.78,1625.44,1018.73,5007.53
2017-06-06 00:30:00,8366.95,5493.8,1546.96,1028.56,4809.42
2017-06-06 01:00:00,8117.26,5326.12,1461.87,1016.52,4641.76
2017-06-06 01:30:00,7927.73,5226.63,1382.91,1018.98,4467.96
2017-06-06 02:00:00,7714.77,5160.44,1307.0,1020.42,4273.31
2017-06-06 02:30:00,7406.22,5124.3,1267.01,1011.75,4078.93
2017-06-06 03:00:00,7138.62,5093.21,1220.16,1004.83,4006.96
2017-06-06 03:30:00,6911.28,5096.81,1203.5,1007.86,3965.57
2017-06-06 04:00:00,6817.42,5119.9,1164.52,1009.08,3927.34
2017-06-06 04:30:00,6862.38,5212.84,1169.84,1035.76,3966.13
2017-06-06 05:00:00,7032.07,5312.98,1187.06,1033.55,4070.68
2017-06-06 05:30:00,7388.46,5581.85,1187.1,1069.16,4287.42
2017-06-06 06:00:00,7840.89,5828.06,1236.02,1126.56,4505.18
2017-06-06 06:30:00,8716.75,6263.46,1305.91,1203.47,4973.28
2017-06-06 07:00:00,9515.45,6658.91,1459.98,1328.77,5517.99
2017-06-06 07:30:00,9941.14,7031.97,1601.25,1456.42,5863.73
2017-06-06 08:00:00,10246.27,6975.46,1755.09,1492.72,6173.78
2017-06-06 08:30:00,10178.37,6720.8,1830.14,1506.16,6321.97
2017-06-06 09:00:00,9836.14,6474.62,1806.28,1455.83,6220.94
2017-06-06 09:30:00,9640.98,6280.93,1757.45,1438.73,6287.51
2017-06-06 10:00:00,9445.0,6099.11,1672.06,1432.68,6116.21
2017-06-06 10:30:00,9139.06,5992.93,1574.35,1399.31,6080.91
2017-06-06 11:00:00,8921.5,5892.97,1461.36,1367.48,5943.44
2017-06-06 11:30:00,8794.09,5801.89,1430.83,1335.58,5792.0
2017-06-06 12:00:00,8788.91,5803.52,1436.29,1316.61,5727.57
2017-06-06 12:30:00,8765.19,5811.75,1415.69,1295.75,5755.49
2017-06-06 13:00:00,8832.56,5802.27,1400.04,1268.4,5731.16
2017-06-06 13:30:00,8809.66,5816.91,1410.94,1272.5,5690.96
2017-06-06 14:00:00,8901.07,5845.82,1425.75,1278.73,5811.42
2017-06-06 14:30:00,8954.06,5959.59,1412.46,1258.96,5822.31
2017-06-06 15:00:00,8945.18,6022.96,1405.99,1256.1,5809.66
2017-06-06 15:30:00,9008.62,6114.21,1427.33,1278.6,5850.64
2017-06-06 16:00:00,9357.43,6358.98,1469.28,1318.16,5960.08
2017-06-06 16:30:00,9658.96,6566.68,1522.47,1408.98,6112.2
2017-06-06 17:00:00,10166.71,6845.12,1631.24,1463.84,6386.3
2017-06-06 17:30:00,10820.23,7188.67,1756.9,1512.57,6649.37
2017-06-06 18:00:00,11398.53,7430.4,1952.46,1565.01,6948.09
2017-06-06 18:30:00,11372.05,7470.75,2111.48,1554.48,6920.14
2017-06-06 19:00:00,11331.66,7511.53,2130.82,1542.03,6840.91
2017-06-06 19:30:00,11133.61,7393.2,2100.85,1517.83,6696.91
2017-06-06 20:00:00,10946.17,7298.68,2061.81,1476.62,6553.88
2017-06-06 20:30:00,10734.36,7245.77,2042.47,1467.26,6397.34
2017-06-06 21:00:00,10505.19,7022.88,2026.86,1405.84,6174.94
2017-06-06 21:30:00,10182.83,6869.49,1945.32,1381.68,5932.69
2017-06-06 22:00:00,9766.45,6624.47,1875.21,1332.52,5655.05
2017-06-06 22:30:00,9576.44,6409.04,1798.05,1281.73,5343.2
2017-06-06 23:00:00,9148.96,6301.0,1702.1,1242.15,5154.49
2017-06-06 23:30:00,8903.73,6056.24,1633.88,1205.41,5324.31
2017-06-07 00:00:00,8763.97,5740.46,1795.25,1165.95,5292.49
2017-06-07 00:30:00,8527.6,5558.79,1679.02,1147.14,5045.49
2017-06-07 01:00:00,8334.43,5403.06,1596.52,1137.04,4881.25
2017-06-07 01:30:00,8124.17,5288.34,1505.1,1110.5,4670.49
2017-06-07 02:00:00,7892.37,5190.73,1413.78,1093.26,4495.1
2017-06-07 02:30:00,7574.42,5141.4,1356.92,1094.05,4347.31
2017-06-07 03:00:00,7251.56,5130.11,1323.45,1097.17,4254.81
2017-06-07 03:30:00,7055.47,5104.57,1297.75,1100.79,4234.6
2017-06-07 04:00:00,6941.2,5142.75,1269.94,1096.92,4215.33
2017-06-07 04:30:00,6971.27,5243.58,1271.64,1111.02,4236.27
2017-06-07 05:00:00,7103.38,5385.49,1276.51,1128.98,4317.61
2017-06-07 05:30:00,7510.17,5659.85,1308.71,1165.88,4555.74
2017-06-07 06:00:00,7931.1,6002.25,1364.52,1226.27,4802.76
2017-06-07 06:30:00,8752.39,6428.24,1451.23,1296.31,5331.01
2017-06-07 07:00:00,9557.26,6881.03,1612.95,1388.43,5876.48
2017-06-07 07:30:00,9989.42,7222.09,1783.12,1476.16,6228.45
2017-06-07 08:00:00,10284.75,7096.67,1939.93,1528.53,6576.45
2017-06-07 08:30:00,10301.26,6825.72,2042.77,1559.25,6669.46
2017-06-07 09:00:00,10200.38,6591.75,2007.86,1522.07,6545.27
2017-06-07 09:30:00,10314.53,6410.62,1933.8,1485.63,6497.41
2017-06-07 10:00:00,10224.18,6195.38,1844.92,1431.52,6287.98
2017-06-07 10:30:00,10135.6,6007.0,1728.06,1394.83,6053.23
2017-06-07 11:00:00,10072.7,5875.25,1630.55,1362.12,5882.03
2017-06-07 11:30:00,9889.75,5792.13,1552.22,1317.01,5773.35
2017-06-07 12:00:00,9962.71,5722.95,1502.6,1282.13,5636.54
2017-06-07 12:30:00,9954.36,5705.71,1473.28,1251.57,5589.27
2017-06-07 13:00:00,9775.36,5701.43,1448.46,1237.89,5555.89
2017-06-07 13:30:00,9758.02,5728.87,1451.4,1208.37,5565.03
2017-06-07 14:00:00,9643.85,5787.66,1452.08,1204.28,5595.74
2017-06-07 14:30:00,9659.69,5873.59,1453.06,1222.29,5623.93
2017-06-07 15:00:00,9676.71,5969.36,1451.39,1200.88,5626.87
2017-06-07 15:30:00,9781.18,6109.58,1452.42,1231.06,5701.63
2017-06-07 16:00:00,10126.93,6310.59,1496.74,1219.42,5854.36
2017-06-07 16:30:00,10416.37,6531.49,1578.98,1292.81,6056.47
2017-06-07 17:00:00,10878.69,6888.53,1694.3,1353.74,6345.09
2017-06-07 17:30:00,11349.8,7226.58,1840.62,1431.99,6640.97
2017-06-07 18:00:00,11652.8,7536.82,2061.62,1478.91,6982.42
2017-06-07 18:30:00,11604.5,7568.34,2245.57,1478.91,6956.92
2017-06-07 19:00:00,11454.34,7627.18,2287.09,1478.1,6861.74
2017-06-07 19:30:00,11152.71,7462.0,2268.15,1449.55,6725.08
2017-06-07 20:00:00,10920.1,7389.03,2241.61,1421.93,6611.2
2017-06-07 20:30:00,10681.07,7381.45,2210.47,1427.36,6463.92
2017-06-07 21:00:00,10411.67,7159.1,2167.57,1398.16,6335.86
2017-06-07 21:30:00,10014.0,6950.98,2094.18,1365.04,6122.43
2017-06-07 22:00:00,9611.97,6687.29,1992.64,1288.83,5817.16
2017-06-07 22:30:00,9441.54,6501.38,1880.24,1244.38,5566.49
2017-06-07 23:00:00,9070.35,6382.91,1753.46,1193.58,5333.3
2017-06-07 23:30:00,8856.51,6132.32,1680.75,1155.92,5593.56
2017-06-08 00:00:00,8715.05,5810.77,1850.47,1116.56,5575.73
2017-06-08 00:30:00,8475.53,5566.16,1723.19,1090.82,5312.55
2017-06-08 01:00:00,8244.39,5409.5,1628.45,1055.15,5146.17
2017-06-08 01:30:00,8016.11,5310.18,1535.52,1032.48,4943.26
2017-06-08 02:00:00,7812.3,5250.67,1433.28,1052.84,4738.34
2017-06-08 02:30:00,7483.63,5213.92,1373.11,1051.23,4578.04
2017-06-08 03:00:00,7223.63,5160.0,1353.02,1058.73,4456.19
2017-06-08 03:30:00,6988.11,5178.52,1313.09,1061.82,4412.86
2017-06-08 04:00:00,6888.03,5207.6,1282.22,1026.58,4359.03
2017-06-08 04:30:00,6904.97,5297.95,1260.09,1033.18,4360.67
2017-06-08 05:00:00,7067.0,5407.15,1256.28,1043.58,4438.8
2017-06-08 05:30:00,7461.46,5677.33,1268.08,1089.51,4636.56
2017-06-08 06:00:00,7823.06,5979.37,1338.09,1151.79,4934.46
2017-06-08 06:30:00,8583.25,6481.45,1439.31,1221.76,5431.87
2017-06-08 07:00:00,9280.76,6905.36,1615.86,1349.35,5894.99
2017-06-08 07:30:00,9680.48,7276.95,1774.5,1409.12,6314.77
2017-06-08 08:00:00,10034.9,7160.07,1928.3,1482.65,6685.41
2017-06-08 08:30:00,10012.88,6882.97,2050.76,1503.64,6828.68
2017-06-08 09:00:00,9793.79,6597.2,2038.11,1487.05,6717.85
2017-06-08 09:30:00,9679.5,6372.09,1984.35,1458.08,6756.36
2017-06-08 10:00:00,9515.93,6155.83,1885.68,1417.51,6571.53
2017-06-08 10:30:00,9326.85,6020.56,1752.58,1385.48,6441.33
2017-06-08 11:00:00,9231.41,5838.97,1636.61,1331.05,6244.62
2017-06-08 11:30:00,9090.43,5745.28,1561.35,1300.29,6105.54
2017-06-08 12:00:00,8937.58,5708.07,1480.35,1267.11,6011.72
2017-06-08 12:30:00,8906.55,5708.85,1462.45,1213.94,5874.66
2017-06-08 13:00:00,8858.28,5699.61,1463.09,1181.43,5827.23
2017-06-08 13:30:00,8818.53,5743.51,1454.63,1190.95,5872.1
2017-06-08 14:00:00,8847.59,5803.73,1449.15,1211.21,5809.85
2017-06-08 14:30:00,8858.39,5853.3,1460.45,1227.12,5804.39
2017-06-08 15:00:00,8835.6,5932.2,1481.34,1220.19,5877.75
2017-06-08 15:30:00,8924.48,6097.51,1530.52,1223.98,6011.31
2017-06-08 16:00:00,9081.38,6295.63,1554.35,1235.42,6200.06
2017-06-08 16:30:00,9312.11,6531.5,1611.41,1227.42,6332.4
2017-06-08 17:00:00,9725.98,6849.01,1691.72,1258.24,6542.09
2017-06-08 17:30:00,10280.49,7172.23,1803.87,1333.33,6737.1
2017-06-08 18:00:00,10773.55,7461.17,1956.8,1401.23,7019.78
2017-06-08 18:30:00,10769.71,7542.74,2072.12,1407.28,6963.39
2017-06-08 19:00:00,10688.52,7595.16,2098.45,1400.24,6867.39
2017-06-08 19:30:00,10439.36,7498.83,2080.84,1375.56,6642.65
2017-06-08 20:00:00,10220.53,7441.1,2041.02,1342.69,6545.57
2017-06-08 20:30:00,10060.52,7385.61,2000.85,1342.23,6394.54
2017-06-08 21:00:00,9886.65,7195.93,1960.36,1321.68,6216.0
2017-06-08 21:30:00,9576.66,6984.32,1911.04,1253.24,5954.9
2017-06-08 22:00:00,9264.41,6713.56,1842.35,1183.67,5687.31
2017-06-08 22:30:00,9247.57,6544.89,1748.13,1119.5,5364.18
2017-06-08 23:00:00,8932.14,6385.05,1631.85,1058.35,5193.28
2017-06-08 23:30:00,8743.64,6170.71,1570.59,1050.17,5388.3
2017-06-09 00:00:00,8546.92,5846.26,1758.6,1015.1,5352.12
2017-06-09 00:30:00,8329.64,5625.25,1616.92,1001.64,5091.39
2017-06-09 01:00:00,8169.76,5500.64,1517.71,975.73,4899.37
2017-06-09 01:30:00,7961.42,5360.3,1452.91,969.51,4724.88
2017-06-09 02:00:00,7703.46,5250.54,1374.3,997.82,4476.95
2017-06-09 02:30:00,7377.32,5209.32,1329.46,994.67,4318.64
2017-06-09 03:00:00,7085.77,5198.04,1280.35,983.86,4201.44
2017-06-09 03:30:00,6890.98,5211.7,1263.46,1015.11,4110.02
2017-06-09 04:00:00,6806.05,5232.1,1228.56,1040.82,4087.91
2017-06-09 04:30:00,6770.04,5309.07,1224.8,1081.23,4129.88
2017-06-09 05:00:00,6847.45,5438.71,1240.19,1114.18,4179.5
2017-06-09 05:30:00,7218.54,5710.82,1262.24,1135.32,4356.02
2017-06-09 06:00:00,7566.13,5971.28,1308.84,1180.28,4583.97
2017-06-09 06:30:00,8302.24,6446.61,1391.77,1247.83,5007.35
2017-06-09 07:00:00,9024.61,6875.26,1483.25,1350.52,5524.69
2017-06-09 07:30:00,9480.63,7192.98,1631.04,1443.43,5890.22
2017-06-09 08:00:00,9826.75,7073.87,1754.77,1507.79,6233.13
2017-06-09 08:30:00,9795.45,6812.24,1853.89,1512.91,6334.03
2017-06-09 09:00:00,9571.68,6495.37,1849.42,1504.07,6321.45
2017-06-09 09:30:00,9420.36,6159.43,1812.21,1482.97,6254.43
2017-06-09 10:00:00,9241.11,5996.19,1768.74,1434.41,6127.08
2017-06-09 10:30:00,9142.56,5905.56,1690.99,1385.18,5968.74
2017-06-09 11:00:00,9055.13,5842.62,1653.9,1330.51,5806.93
2017-06-09 11:30:00,9019.36,5793.58,1615.7,1294.55,5714.62
2017-06-09 12:00:00,8894.82,5815.79,1599.64,1272.33,5536.86
2017-06-09 12:30:00,8828.57,5817.31,1597.26,1237.53,5550.71
2017-06-09 13:00:00,8766.76,5889.54,1592.83,1208.88,5442.05
2017-06-09 13:30:00,8680.87,5973.38,1581.71,1203.2,5407.38
2017-06-09 14:00:00,8709.3,6077.82,1607.55,1205.32,5372.2
2017-06-09 14:30:00,8668.99,6129.26,1542.18,1222.45,5369.59
2017-06-09 15:00:00,8688.17,6183.83,1592.73,1221.51,5429.6
2017-06-09 15:30:00,8774.76,6259.61,1610.72,1231.51,5412.98
2017-06-09 16:00:00,9093.95,6388.51,1652.57,1247.17,5531.31
2017-06-09 16:30:00,9406.63,6570.65,1678.87,1294.02,5716.62
2017-06-09 17:00:00,9818.68,6824.37,1741.92,1371.25,5930.24
2017-06-09 17:30:00,10215.21,7100.53,1843.45,1441.46,6237.01
2017-06-09 18:00:00,10492.85,7174.45,1945.55,1484.9,6554.92
2017-06-09 18:30:00,10342.99,7148.23,2061.86,1468.44,6541.98
2017-06-09 19:00:00,10237.54,7174.79,2066.17,1438.83,6429.63
2017-06-09 19:30:00,9987.55,7071.39,2049.55,1403.63,6312.76
2017-06-09 20:00:00,9807.93,6983.46,1998.0,1393.88,6207.86
2017-06-09 20:30:00,9600.02,6929.46,1967.8,1392.96,6073.87
2017-06-09 21:00:00,9391.13,6748.86,1935.77,1362.7,5932.58
2017-06-09 21:30:00,9203.01,6607.98,1885.83,1333.78,5747.5
2017-06-09 22:00:00,8936.64,6426.12,1829.14,1288.38,5514.48
2017-06-09 22:30:00,8945.77,6350.24,1715.58,1269.98,5365.86
2017-06-09 23:00:00,8723.76,6268.26,1648.0,1230.77,5213.23
2017-06-09 23:30:00,8581.87,6096.9,1597.61,1181.47,5463.1
2017-06-10 00:00:00,8499.79,5765.6,1782.79,1164.76,5478.93
2017-06-10 00:30:00,8244.59,5536.06,1655.1,1137.54,5201.78
2017-06-10 01:00:00,8036.61,5389.66,1556.45,1122.13,5010.86
2017-06-10 01:30:00,7803.8,5267.26,1446.73,1106.33,4819.59
2017-06-10 02:00:00,7511.75,5180.39,1356.61,1113.26,4574.28
2017-06-10 02:30:00,7163.29,5164.21,1304.3,1104.31,4404.05
2017-06-10 03:00:00,6906.06,5113.34,1262.85,1098.69,4288.0
2017-06-10 03:30:00,6709.34,5095.77,1231.6,1095.01,4206.2
2017-06-10 04:00:00,6582.45,5107.34,1200.15,1089.55,4174.48
2017-06-10 04:30:00,6479.24,5139.88,1192.23,1096.32,4131.22
2017-06-10 05:00:00,6546.52,5172.52,1181.89,1104.0,4128.87
2017-06-10 05:30:00,6669.67,5278.66,1188.02,1124.91,4244.48
2017-06-10 06:00:00,6698.63,5404.36,1171.64,1138.08,4292.25
2017-06-10 06:30:00,7027.91,5554.41,1209.03,1155.15,4493.18
2017-06-10 07:00:00,7274.73,5719.15,1257.15,1191.58,4680.18
2017-06-10 07:30:00,7583.29,5938.56,1310.65,1258.76,4830.92
2017-06-10 08:00:00,8037.53,5998.46,1348.58,1331.94,5104.03
2017-06-10 08:30:00,8459.37,6044.26,1435.17,1381.64,5365.36
2017-06-10 09:00:00,8629.37,5984.11,1476.85,1412.75,5521.95
2017-06-10 09:30:00,8786.52,5887.62,1470.22,1412.48,5538.19
2017-06-10 10:00:00,8764.78,5782.25,1424.5,1380.2,5490.07
2017-06-10 10:30:00,8774.33,5658.45,1340.52,1351.01,5330.06
2017-06-10 11:00:00,8627.19,5588.07,1251.77,1321.35,5181.79
2017-06-10 11:30:00,8567.04,5520.62,1185.18,1275.34,5044.24
2017-06-10 12:00:00,8505.52,5515.72,1163.82,1235.7,4906.24
2017-06-10 12:30:00,8467.17,5534.25,1127.32,1213.15,4813.1
2017-06-10 13:00:00,8405.76,5614.23,1084.82,1191.54,4706.1
2017-06-10 13:30:00,8284.17,5606.51,1078.3,1165.53,4705.0
2017-06-10 14:00:00,8236.27,5600.49,1071.78,1152.87,4642.43
2017-06-10 14:30:00,8219.91,5659.28,1078.6,1137.0,4644.16
2017-06-10 15:00:00,8267.68,5732.83,1090.26,1138.32,4667.91
2017-06-10 15:30:00,8389.84,5804.23,1131.09,1156.55,4716.33
2017-06-10 16:00:00,8524.53,5954.46,1178.16,1190.21,4831.05
2017-06-10 16:30:00,8696.28,6140.75,1255.92,1223.57,5004.71
2017-06-10 17:00:00,9134.54,6407.72,1380.91,1288.08,5301.86
2017-06-10 17:30:00,9487.77,6716.95,1534.49,1365.99,5709.62
2017-06-10 18:00:00,9736.69,6832.71,1717.3,1377.53,6067.21
2017-06-10 18:30:00,9637.15,6820.34,1848.23,1364.09,6091.39
2017-06-10 19:00:00,9476.28,6764.4,1876.51,1348.92,5980.68
2017-06-10 19:30:00,9259.45,6671.33,1845.78,1313.26,5848.65
2017-06-10 20:00:00,9068.12,6580.6,1821.36,1279.15,5756.84
2017-06-10 20:30:00,8949.56,6528.33,1790.76,1269.36,5650.41
2017-06-10 21:00:00,8782.78,6361.97,1767.5,1265.07,5565.8
2017-06-10 21:30:00,8632.79,6235.02,1735.29,1241.78,5397.0
2017-06-10 22:00:00,8522.58,6147.56,1702.69,1202.55,5276.19
2017-06-10 22:30:00,8451.94,6079.22,1637.19,1162.45,5149.87
2017-06-10 23:00:00,8311.87,6048.94,1580.83,1139.0,5107.2
2017-06-10 23:30:00,8130.03,5898.63,1561.3,1082.92,5323.12
2017-06-11 00:00:00,7946.89,5580.25,1745.02,1054.63,5343.81
2017-06-11 00:30:00,7726.01,5444.15,1637.49,1041.9,5114.88
2017-06-11 01:00:00,7537.92,5288.21,1545.47,1024.05,4899.59
2017-06-11 01:30:00,7318.78,5182.61,1448.89,1019.74,4695.76
2017-06-11 02:00:00,7100.19,5104.98,1350.86,921.05,4492.0
2017-06-11 02:30:00,6815.83,5045.17,1296.22,991.1,4325.8
2017-06-11 03:00:00,6596.37,5013.59,1263.16,988.64,4197.55
2017-06-11 03:30:00,6451.11,5008.76,1230.0,993.46,4106.79
2017-06-11 04:00:00,6367.62,4961.1,1174.86,996.82,4026.54
2017-06-11 04:30:00,6372.41,5011.52,1169.44,993.11,3983.58
2017-06-11 05:00:00,6369.24,5029.19,1163.9,985.26,3968.06
2017-06-11 05:30:00,6450.51,5086.06,1165.7,983.08,4010.97
2017-06-11 06:00:00,6559.23,5115.11,1170.84,1010.51,4060.22
2017-06-11 06:30:00,6698.49,5246.33,1180.32,1011.08,4185.87
2017-06-11 07:00:00,6918.0,5397.02,1201.9,1043.38,4303.07
2017-06-11 07:30:00,7171.88,5579.71,1255.03,1076.7,4341.17
2017-06-11 08:00:00,7589.05,5685.82,1305.74,1113.31,4550.59
2017-06-11 08:30:00,7956.24,5885.37,1380.97,1160.86,4783.04
2017-06-11 09:00:00,8180.84,6033.27,1434.72,1195.07,4894.02
2017-06-11 09:30:00,8331.3,6116.65,1462.43,1233.33,4910.52
2017-06-11 10:00:00,8376.55,6106.02,1387.52,1231.13,4847.98
2017-06-11 10:30:00,8325.85,6074.23,1339.66,1205.57,4742.74
2017-06-11 11:00:00,8252.07,6070.11,1243.97,1226.16,4567.58
2017-06-11 11:30:00,8095.75,6053.62,1196.92,1186.58,4439.02
2017-06-11 12:00:00,7990.57,5981.02,1127.22,1168.7,4373.88
2017-06-11 12:30:00,7943.52,5944.78,1106.76,1161.35,4362.13
2017-06-11 13:00:00,7909.77,5909.22,1061.31,1128.09,4380.01
2017-06-11 13:30:00,7888.86,5887.98,1061.72,1137.83,4345.13
2017-06-11 14:00:00,7830.76,5909.47,1063.24,1142.98,4339.51
2017-06-11 14:30:00,7895.96,5891.64,1051.7,1133.67,4341.49
2017-06-11 15:00:00,7964.05,5872.2,1071.95,1126.41,4325.3
2017-06-11 15:30:00,8061.9,5951.61,1120.3,1144.73,4399.83
2017-06-11 16:00:00,8185.63,6090.78,1218.69,1142.93,4577.94
2017-06-11 16:30:00,8437.13,6285.37,1274.45,1180.75,4756.66
2017-06-11 17:00:00,8787.61,6568.49,1375.86,1212.54,5068.88
2017-06-11 17:30:00,9192.78,6918.9,1519.92,1261.82,5426.13
2017-06-11 18:00:00,9509.66,7094.65,1708.59,1290.08,5784.75
2017-06-11 18:30:00,9494.88,7119.38,1862.05,1275.75,5841.94
2017-06-11 19:00:00,9359.1,7023.46,1877.0,1252.18,5762.8
2017-06-11 19:30:00,9126.98,6885.39,1856.19,1224.16,5638.11
2017-06-11 20:00:00,8946.55,6775.81,1822.23,1184.8,5566.35
2017-06-11 20:30:00,8783.52,6703.7,1801.28,1174.65,5437.97
2017-06-11 21:00:00,8698.92,6516.81,1768.94,1155.37,5340.29
2017-06-11 21:30:00,8625.12,6365.84,1756.55,1134.37,5207.1
2017-06-11 22:00:00,8477.01,6172.89,1722.58,1119.93,5030.77
2017-06-11 22:30:00,8450.59,6124.0,1650.57,1101.22,4864.2
2017-06-11 23:00:00,8190.98,6026.89,1588.06,1088.16,4762.33
2017-06-11 23:30:00,8100.07,5834.32,1545.16,1025.47,5024.28
2017-06-12 00:00:00,7830.48,5578.53,1747.36,1004.84,5037.69
2017-06-12 00:30:00,7616.59,5399.18,1614.86,981.21,4783.97
2017-06-12 01:00:00,7368.3,5277.5,1501.05,979.61,4604.46
2017-06-12 01:30:00,7194.17,5141.28,1397.13,980.04,4400.17
2017-06-12 02:00:00,7029.99,5078.39,1302.0,982.55,4190.49
2017-06-12 02:30:00,6703.51,5063.78,1239.16,993.4,4029.24
2017-06-12 03:00:00,6569.27,5010.28,1201.8,987.73,3917.43
2017-06-12 03:30:00,6411.14,5001.59,1150.24,965.01,3849.79
2017-06-12 04:00:00,6298.74,5021.09,1130.23,963.55,3799.47
2017-06-12 04:30:00,6311.42,5115.27,1081.05,974.41,3795.81
2017-06-12 05:00:00,6364.24,5213.38,1074.81,989.67,3796.83
2017-06-12 05:30:00,6507.1,5442.38,1086.14,1012.9,3891.23
2017-06-12 06:00:00,6605.63,5675.82,1101.95,1032.36,4000.87
2017-06-12 06:30:00,6850.49,6125.39,1125.65,1085.7,4145.92
2017-06-12 07:00:00,7075.43,6538.3,1154.42,1103.4,4324.41
2017-06-12 07:30:00,7285.6,6887.62,1170.4,1118.8,4384.52
2017-06-12 08:00:00,7632.81,6933.59,1201.69,1157.07,4605.7
2017-06-12 08:30:00,7968.72,6668.17,1286.13,1200.87,4862.53
2017-06-12 09:00:00,8166.84,6190.48,1350.31,1274.03,5073.25
2017-06-12 09:30:00,8274.87,6089.25,1357.76,1297.91,5106.22
2017-06-12 10:00:00,8278.88,6111.9,1303.14,1289.93,5154.41
2017-06-12 10:30:00,8247.84,6131.46,1298.42,1256.16,5145.57
2017-06-12 11:00:00,8121.81,6205.52,1265.38,1232.91,5087.04
2017-06-12 11:30:00,7885.66,6154.51,1206.78,1194.76,4999.43
2017-06-12 12:00:00,7719.4,6112.77,1168.26,1165.98,4923.75
2017-06-12 12:30:00,7620.32,6103.66,1139.88,1143.52,4952.65
2017-06-12 13:00:00,7541.97,6130.82,1119.47,1143.7,4957.84
2017-06-12 13:30:00,7456.39,6161.38,1103.74,1120.13,4981.0
2017-06-12 14:00:00,7393.21,6230.75,1109.75,1110.31,4966.18
2017-06-12 14:30:00,7499.04,6264.41,1101.28,1129.9,4941.41
2017-06-12 15:00:00,7576.01,6308.53,1116.86,1131.87,4986.27
2017-06-12 15:30:00,7743.07,6429.82,1139.8,1140.37,5122.97
2017-06-12 16:00:00,7960.45,6594.68,1181.84,1151.49,5259.83
2017-06-12 16:30:00,8296.48,6753.67,1262.69,1196.74,5434.03
2017-06-12 17:00:00,8836.57,7003.49,1386.11,1272.78,5690.58
2017-06-12 17:30:00,9486.21,7298.7,1521.67,1343.53,5985.3
2017-06-12 18:00:00,9977.36,7427.11,1691.22,1370.72,6195.81
2017-06-12 18:30:00,9940.74,7482.8,1873.09,1367.22,6155.79
2017-06-12 19:00:00,9735.57,7446.04,1891.12,1354.14,6015.42
2017-06-12 19:30:00,9540.46,7284.32,1869.52,1338.94,5864.06
2017-06-12 20:00:00,9400.19,7140.15,1833.38,1298.4,5761.35
2017-06-12 20:30:00,9213.71,7095.06,1797.95,1288.63,5630.43
2017-06-12 21:00:00,9041.06,6853.69,1762.49,1259.24,5467.64
2017-06-12 21:30:00,8804.41,6690.52,1708.59,1225.22,5299.4
2017-06-12 22:00:00,8513.32,6478.6,1626.75,1185.94,5081.59
2017-06-12 22:30:00,8457.95,6297.87,1540.42,1140.34,4898.6
2017-06-12 23:00:00,8231.31,6132.87,1474.8,1112.93,4800.86
2017-06-12 23:30:00,8219.3,5999.42,1450.52,1096.13,5024.16
2017-06-13 00:00:00,8091.38,5680.78,1643.0,1079.93,5064.73
2017-06-13 00:30:00,7913.69,5474.22,1546.41,1062.47,4858.69
2017-06-13 01:00:00,7815.57,5310.55,1498.92,1033.9,4653.06
2017-06-13 01:30:00,7664.17,5183.56,1408.04,995.57,4485.28
2017-06-13 02:00:00,7442.37,5091.96,1344.05,1031.19,4301.49
2017-06-13 02:30:00,7074.5,5068.62,1282.04,1029.86,4165.18
2017-06-13 03:00:00,6845.09,5062.48,1247.67,1029.63,4058.59
2017-06-13 03:30:00,6704.38,5029.2,1209.66,1040.78,4004.97
2017-06-13 04:00:00,6611.5,5037.66,1176.86,1047.73,3989.23
2017-06-13 04:30:00,6630.09,5182.55,1165.03,1055.43,4001.0
2017-06-13 05:00:00,6764.48,5284.38,1163.31,1072.25,4086.72
2017-06-13 05:30:00,7119.32,5442.89,1182.61,1104.98,4290.47
2017-06-13 06:00:00,7533.35,5713.41,1242.13,1149.43,4560.53
2017-06-13 06:30:00,8296.33,6163.59,1311.54,1252.04,5021.62
2017-06-13 07:00:00,9094.82,6592.09,1478.62,1379.11,5586.46
2017-06-13 07:30:00,9530.46,6910.19,1615.34,1469.79,5960.19
2017-06-13 08:00:00,9912.03,7000.62,1767.76,1532.45,6314.33
2017-06-13 08:30:00,9859.98,6867.87,1868.2,1549.54,6455.95
2017-06-13 09:00:00,9576.97,6758.31,1847.48,1515.75,6407.52
2017-06-13 09:30:00,9434.23,6756.44,1789.45,1477.59,6397.32
2017-06-13 10:00:00,9251.67,6688.78,1683.46,1424.68,6297.13
2017-06-13 10:30:00,9082.85,6630.81,1577.5,1368.47,6177.42
2017-06-13 11:00:00,8942.64,6605.97,1476.05,1331.25,6051.42
2017-06-13 11:30:00,8788.41,6564.05,1424.03,1319.94,5992.5
2017-06-13 12:00:00,8689.19,6583.78,1390.26,1307.34,5946.99
2017-06-13 12:30:00,8617.3,6620.5,1374.29,1283.04,5940.37
2017-06-13 13:00:00,8557.83,6631.08,1409.38,1271.37,5908.13
2017-06-13 13:30:00,8529.93,6699.84,1434.22,1249.26,5864.5
2017-06-13 14:00:00,8526.36,6676.64,1455.76,1276.68,5847.09
2017-06-13 14:30:00,8516.48,6692.39,1465.42,1286.29,5835.22
2017-06-13 15:00:00,8496.67,6662.74,1451.51,1285.81,5827.94
2017-06-13 15:30:00,8582.21,6716.71,1462.66,1285.11,5852.22
2017-06-13 16:00:00,8782.36,6838.76,1473.63,1300.94,5934.5
2017-06-13 16:30:00,9132.57,7009.17,1521.67,1340.75,6105.55
2017-06-13 17:00:00,9580.66,7228.56,1605.63,1400.36,6373.38
2017-06-13 17:30:00,10254.21,7562.5,1712.45,1463.7,6666.49
2017-06-13 18:00:00,10729.47,7728.68,1885.14,1507.01,7030.92
2017-06-13 18:30:00,10790.44,7690.45,2038.63,1523.21,6942.82
2017-06-13 19:00:00,10697.43,7658.03,2075.15,1507.38,6877.31
2017-06-13 19:30:00,10437.44,7461.49,2070.41,1491.68,6739.59
2017-06-13 20:00:00,10211.65,7366.72,2037.05,1461.43,6629.05
2017-06-13 20:30:00,10027.19,7303.2,1992.92,1432.29,6441.47
2017-06-13 21:00:00,9750.93,7043.99,1938.78,1408.58,6258.81
2017-06-13 21:30:00,9479.52,6864.62,1868.08,1380.93,6036.75
2017-06-13 22:00:00,9188.56,6570.77,1790.01,1339.7,5800.16
2017-06-13 22:30:00,9057.52,6401.18,1705.6,1296.89,5509.06
2017-06-13 23:00:00,8730.83,6265.46,1601.29,1246.95,5285.35
2017-06-13 23:30:00,8549.0,6031.72,1526.81,1203.11,5534.43
2017-06-14 00:00:00,8394.24,5722.75,1683.96,1172.49,5486.91
2017-06-14 00:30:00,8234.78,5534.65,1559.01,1153.58,5265.26
2017-06-14 01:00:00,8045.56,5401.13,1488.84,1126.07,5071.57
2017-06-14 01:30:00,7823.56,5239.8,1426.71,1082.03,4860.89
2017-06-14 02:00:00,7667.36,5177.71,1328.34,1079.1,4670.44
2017-06-14 02:30:00,7316.68,5117.39,1282.8,1070.9,4521.23
2017-06-14 03:00:00,7046.89,5108.59,1229.27,1050.03,4417.8
2017-06-14 03:30:00,6857.69,5097.87,1183.86,1063.97,4322.72
2017-06-14 04:00:00,6687.0,5151.15,1141.18,1067.98,4282.29
2017-06-14 04:30:00,6751.84,5245.14,1110.95,1072.66,4260.43
2017-06-14 05:00:00,6863.63,5336.33,1098.53,1085.85,4344.77
2017-06-14 05:30:00,7234.69,5517.76,1119.08,1106.95,4582.9
2017-06-14 06:00:00,7694.36,5806.26,1166.97,1151.82,4822.43
2017-06-14 06:30:00,8401.14,6242.38,1233.05,1247.98,5370.36
2017-06-14 07:00:00,9103.23,6638.61,1370.79,1341.4,5912.45
2017-06-14 07:30:00,9469.96,6974.26,1514.86,1390.16,6312.16
2017-06-14 08:00:00,9739.09,7007.54,1632.49,1437.61,6718.88
2017-06-14 08:30:00,9686.47,6833.95,1736.33,1459.72,6819.26
2017-06-14 09:00:00,9465.53,6678.44,1687.72,1424.09,6703.69
2017-06-14 09:30:00,9325.02,6626.16,1615.1,1413.54,6634.55
2017-06-14 10:00:00,9123.45,6540.64,1535.87,1390.69,6411.92
2017-06-14 10:30:00,8976.69,6489.05,1449.73,1317.4,6197.93
2017-06-14 11:00:00,8888.66,6419.14,1367.47,1253.39,5953.32
2017-06-14 11:30:00,8771.65,6350.84,1286.28,1247.01,5778.32
2017-06-14 12:00:00,8677.19,6364.08,1244.69,1230.86,5661.82
2017-06-14 12:30:00,8599.37,6340.29,1208.49,1253.88,5558.17
2017-06-14 13:00:00,8488.29,6365.57,1192.64,1251.97,5532.43
2017-06-14 13:30:00,8490.55,6436.89,1187.88,1243.94,5539.05
2017-06-14 14:00:00,8467.8,6473.78,1236.24,1228.49,5561.17
2017-06-14 14:30:00,8473.89,6544.92,1262.3,1230.25,5609.66
2017-06-14 15:00:00,8454.63,6537.73,1263.08,1224.23,5597.87
2017-06-14 15:30:00,8515.48,6620.08,1301.54,1241.98,5693.2
2017-06-14 16:00:00,8753.97,6733.68,1358.5,1265.96,5819.59
2017-06-14 16:30:00,9077.64,6879.02,1412.69,1259.08,5960.3
2017-06-14 17:00:00,9463.37,7110.39,1568.8,1297.97,6193.68
2017-06-14 17:30:00,9982.0,7426.68,1711.09,1346.46,6552.66
2017-06-14 18:00:00,10416.53,7563.25,1866.12,1392.76,6848.4
2017-06-14 18:30:00,10402.5,7550.92,1984.42,1413.27,6818.49
2017-06-14 19:00:00,10395.89,7515.17,1998.97,1388.5,6745.6
2017-06-14 19:30:00,10135.64,7321.77,1982.38,1352.25,6623.31
2017-06-14 20:00:00,9953.59,7251.44,1959.44,1316.69,6496.69
2017-06-14 20:30:00,9789.43,7176.25,1934.44,1319.9,6314.1
2017-06-14 21:00:00,9583.58,6945.91,1868.42,1281.41,6129.32
2017-06-14 21:30:00,9334.14,6756.53,1799.5,1270.86,5903.37
2017-06-14 22:00:00,9051.64,6526.28,1716.98,1225.93,5655.1
2017-06-14 22:30:00,9061.77,6384.79,1638.77,1168.64,5379.22
2017-06-14 23:00:00,8678.44,6247.57,1553.09,1133.48,5195.82
2017-06-14 23:30:00,8564.76,6024.98,1485.69,1095.62,5395.34
2017-06-15 00:00:00,8424.7,5721.48,1672.41,1072.25,5383.18
2017-06-15 00:30:00,8260.21,5506.9,1559.22,1031.29,5110.17
2017-06-15 01:00:00,8032.92,5409.95,1480.38,1036.65,4938.16
2017-06-15 01:30:00,7831.34,5258.38,1390.86,1019.89,4787.76
2017-06-15 02:00:00,7671.71,5195.83,1309.14,991.52,4551.8
2017-06-15 02:30:00,7320.36,5145.13,1254.59,991.11,4419.26
2017-06-15 03:00:00,7070.32,5146.94,1231.78,1000.62,4307.69
2017-06-15 03:30:00,6865.25,5158.1,1207.87,993.21,4240.52
2017-06-15 04:00:00,6792.4,5158.52,1164.52,1017.1,4204.49
2017-06-15 04:30:00,6804.47,5238.08,1158.04,1012.63,4236.72
2017-06-15 05:00:00,6935.61,5308.45,1143.41,1010.63,4278.65
2017-06-15 05:30:00,7297.0,5529.57,1183.07,1037.61,4481.26
2017-06-15 06:00:00,7701.7,5803.89,1251.26,1091.82,4738.6
2017-06-15 06:30:00,8463.83,6247.88,1350.52,1186.53,5235.89
2017-06-15 07:00:00,9178.62,6580.16,1464.82,1305.85,5689.58
2017-06-15 07:30:00,9577.9,6966.07,1602.12,1390.25,6064.46
2017-06-15 08:00:00,9829.98,6934.67,1741.51,1421.56,6433.74
2017-06-15 08:30:00,9766.8,6852.13,1812.89,1447.08,6576.72
2017-06-15 09:00:00,9526.49,6590.48,1805.82,1407.59,6483.96
2017-06-15 09:30:00,9435.81,6452.85,1770.73,1375.52,6466.39
2017-06-15 10:00:00,9257.69,6273.41,1747.36,1354.76,6315.72
2017-06-15 10:30:00,9067.91,6204.78,1676.31,1316.09,6173.0
2017-06-15 11:00:00,8912.66,6208.23,1598.81,1309.34,5985.26
2017-06-15 11:30:00,8791.13,6288.3,1556.28,1291.1,5945.45
2017-06-15 12:00:00,8681.31,6239.93,1504.36,1272.17,5825.76
2017-06-15 12:30:00,8542.98,6140.27,1511.22,1199.86,5725.45
2017-06-15 13:00:00,8537.31,6136.72,1447.22,1198.94,5663.19
2017-06-15 13:30:00,8505.92,6199.74,1461.19,1199.38,5716.34
2017-06-15 14:00:00,8471.31,6308.44,1479.18,1189.28,5689.18
2017-06-15 14:30:00,8488.31,6399.58,1525.24,1228.81,5627.46
2017-06-15 15:00:00,8489.01,6419.84,1534.71,1214.55,5642.6
2017-06-15 15:30:00,8576.03,6451.35,1552.29,1206.14,5647.41
2017-06-15 16:00:00,8748.76,6562.66,1560.89,1229.63,5719.12
2017-06-15 16:30:00,9000.64,6721.28,1627.48,1250.47,5822.62
2017-06-15 17:00:00,9451.81,6913.93,1686.53,1331.99,6063.76
2017-06-15 17:30:00,10013.29,7214.25,1765.72,1405.63,6411.47
2017-06-15 18:00:00,10458.19,7436.78,1897.45,1440.74,6738.4
2017-06-15 18:30:00,10463.85,7449.03,2018.88,1435.13,6768.56
2017-06-15 19:00:00,10427.42,7429.66,2045.39,1428.93,6694.7
2017-06-15 19:30:00,10219.91,7260.32,2044.44,1397.85,6564.07
2017-06-15 20:00:00,10082.8,7165.2,2009.29,1382.46,6476.16
2017-06-15 20:30:00,9900.66,7117.07,1978.01,1361.77,6338.63
2017-06-15 21:00:00,9718.9,6949.39,1932.44,1305.05,6240.55
2017-06-15 21:30:00,9450.13,6774.26,1866.04,1268.33,5998.64
2017-06-15 22:00:00,9148.36,6520.06,1782.82,1230.85,5758.31
2017-06-15 22:30:00,9103.58,6364.22,1698.18,1200.51,5528.88
2017-06-15 23:00:00,8835.05,6282.79,1606.74,1160.02,5350.42
2017-06-15 23:30:00,8653.96,6074.81,1544.34,1110.33,5546.4
2017-06-16 00:00:00,8504.18,5758.84,1734.99,1087.06,5508.76
2017-06-16 00:30:00,8330.6,5543.28,1623.58,1074.4,5227.88
2017-06-16 01:00:00,8153.28,5417.07,1522.41,1066.17,5016.28
2017-06-16 01:30:00,7965.73,5315.83,1453.89,1044.84,4878.24
2017-06-16 02:00:00,7718.75,5215.96,1346.05,1043.41,4659.63
2017-06-16 02:30:00,7387.23,5189.54,1291.67,1035.95,4535.25
2017-06-16 03:00:00,7105.57,5171.46,1264.03,1034.88,4434.42
2017-06-16 03:30:00,6950.77,5158.47,1259.58,1043.6,4359.73
2017-06-16 04:00:00,6825.77,5205.46,1229.62,1031.79,4319.68
2017-06-16 04:30:00,6849.8,5279.51,1232.37,1040.13,4306.07
2017-06-16 05:00:00,6941.79,5380.74,1214.02,1069.52,4394.9
2017-06-16 05:30:00,7316.54,5607.74,1229.95,1120.24,4593.36
2017-06-16 06:00:00,7741.7,5814.27,1266.66,1161.05,4882.71
2017-06-16 06:30:00,8452.56,6203.76,1339.09,1190.25,5332.79
2017-06-16 07:00:00,9160.81,6549.69,1469.69,1286.22,5811.67
2017-06-16 07:30:00,9532.32,6855.27,1595.37,1442.11,6190.77
2017-06-16 08:00:00,9897.87,6865.89,1712.71,1496.06,6579.26
2017-06-16 08:30:00,9928.64,6763.38,1786.94,1494.93,6736.79
2017-06-16 09:00:00,9744.8,6554.86,1818.94,1436.33,6641.38
2017-06-16 09:30:00,9673.33,6469.71,1806.23,1403.94,6534.77
2017-06-16 10:00:00,9520.65,6355.96,1790.61,1371.35,6341.64
2017-06-16 10:30:00,9458.39,6351.09,1763.27,1336.89,6149.17
2017-06-16 11:00:00,9389.1,6308.9,1747.54,1288.33,5985.29
2017-06-16 11:30:00,9350.81,6327.37,1724.91,1266.39,5838.48
2017-06-16 12:00:00,9246.19,6372.01,1712.33,1235.59,5754.67
2017-06-16 12:30:00,9172.2,6330.46,1690.36,1215.36,5609.92
2017-06-16 13:00:00,9076.21,6317.06,1675.98,1212.22,5536.49
2017-06-16 13:30:00,8947.9,6229.26,1644.54,1199.7,5537.66
2017-06-16 14:00:00,8904.6,6258.24,1646.3,1187.91,5537.67
2017-06-16 14:30:00,8854.34,6353.44,1609.29,1207.72,5493.93
2017-06-16 15:00:00,8833.49,6408.57,1593.75,1217.8,5519.07
2017-06-16 15:30:00,8875.63,6415.08,1601.98,1222.2,5536.71
2017-06-16 16:00:00,9125.41,6496.3,1606.32,1239.02,5635.83
2017-06-16 16:30:00,9373.02,6675.69,1665.35,1276.45,5774.1
2017-06-16 17:00:00,9778.1,6840.03,1743.3,1335.11,6025.7
2017-06-16 17:30:00,10235.25,7099.33,1837.44,1394.65,6325.4
2017-06-16 18:00:00,10414.51,7178.79,1959.39,1429.0,6647.19
2017-06-16 18:30:00,10358.0,7132.73,2031.64,1421.21,6599.24
2017-06-16 19:00:00,10180.64,7077.42,2027.77,1415.28,6575.46
2017-06-16 19:30:00,9911.06,6909.35,1993.89,1391.13,6405.71
2017-06-16 20:00:00,9771.02,6816.8,1952.63,1383.77,6326.76
2017-06-16 20:30:00,9612.12,6775.2,1918.49,1383.42,6234.24
2017-06-16 21:00:00,9395.3,6607.36,1871.42,1350.41,6078.97
2017-06-16 21:30:00,9231.78,6474.48,1838.99,1240.21,5888.55
2017-06-16 22:00:00,8943.37,6273.0,1768.66,1247.99,5698.79
2017-06-16 22:30:00,8966.33,6211.91,1691.6,1260.12,5522.35
2017-06-16 23:00:00,8742.12,6167.42,1626.45,1223.93,5386.78
2017-06-16 23:30:00,8649.81,5951.69,1586.86,1192.3,5629.16
2017-06-17 00:00:00,8539.92,5644.15,1765.9,1177.01,5595.71
2017-06-17 00:30:00,8302.88,5428.19,1646.07,1145.36,5307.41
2017-06-17 01:00:00,8089.08,5311.55,1556.14,1126.54,5092.86
2017-06-17 01:30:00,7874.96,5156.5,1462.7,1123.43,4853.4
2017-06-17 02:00:00,7591.12,5088.96,1378.08,1114.78,4622.49
2017-06-17 02:30:00,7271.47,5041.89,1308.33,1101.6,4469.18
2017-06-17 03:00:00,6952.46,5031.63,1277.59,1097.38,4352.99
2017-06-17 03:30:00,6736.71,5020.39,1227.1,1094.48,4292.71
2017-06-17 04:00:00,6655.8,5011.85,1207.6,1103.76,4258.62
2017-06-17 04:30:00,6550.96,5051.37,1187.69,1107.04,4188.85
2017-06-17 05:00:00,6588.43,5090.4,1176.81,1107.28,4209.36
2017-06-17 05:30:00,6700.9,5168.89,1172.5,1126.71,4267.7
2017-06-17 06:00:00,6850.52,5269.27,1181.93,1149.85,4387.36
2017-06-17 06:30:00,7125.27,5426.03,1209.71,1164.6,4598.89
2017-06-17 07:00:00,7447.81,5545.18,1275.23,1198.82,4822.33
2017-06-17 07:30:00,7774.8,5789.73,1328.82,1249.72,4980.23
2017-06-17 08:00:00,8228.4,5901.11,1396.97,1309.63,5219.01
2017-06-17 08:30:00,8616.12,6031.0,1495.92,1364.79,5489.96
2017-06-17 09:00:00,8856.08,6008.68,1531.58,1418.72,5614.82
2017-06-17 09:30:00,9027.09,6039.09,1533.65,1422.14,5582.26
2017-06-17 10:00:00,8945.34,5931.31,1471.05,1359.44,5504.31
2017-06-17 10:30:00,8939.47,5860.46,1420.53,1332.55,5389.48
2017-06-17 11:00:00,8781.85,5816.68,1394.76,1301.73,5191.76
2017-06-17 11:30:00,8580.3,5748.21,1358.58,1265.72,5040.0
2017-06-17 12:00:00,8480.94,5705.98,1274.42,1240.94,4910.23
2017-06-17 12:30:00,8379.94,5649.58,1217.28,1202.49,4793.56
2017-06-17 13:00:00,8326.12,5641.37,1187.22,1189.37,4657.4
2017-06-17 13:30:00,8234.08,5668.29,1155.9,1174.93,4619.05
2017-06-17 14:00:00,8170.17,5678.2,1133.57,1153.49,4598.87
2017-06-17 14:30:00,8149.89,5695.35,1135.88,1154.4,4604.76
2017-06-17 15:00:00,8161.05,5768.35,1121.1,1151.22,4622.97
2017-06-17 15:30:00,8268.79,5872.83,1135.35,1165.74,4659.17
2017-06-17 16:00:00,8427.64,5945.73,1177.56,1184.94,4810.19
2017-06-17 16:30:00,8709.61,6096.98,1241.93,1233.73,4989.74
2017-06-17 17:00:00,9094.95,6335.42,1358.03,1282.52,5310.31
2017-06-17 17:30:00,9373.87,6634.94,1478.39,1337.11,5645.05
2017-06-17 18:00:00,9700.33,6765.13,1629.27,1327.8,6009.58
2017-06-17 18:30:00,9667.29,6764.84,1787.72,1320.18,6042.8
2017-06-17 19:00:00,9465.25,6676.35,1812.43,1288.31,5929.68
2017-06-17 19:30:00,9259.62,6511.54,1795.61,1283.13,5809.29
2017-06-17 20:00:00,9001.18,6443.41,1778.57,1252.8,5718.11
2017-06-17 20:30:00,8882.97,6364.3,1762.01,1229.74,5602.38
2017-06-17 21:00:00,8708.83,6249.99,1733.4,1208.25,5536.61
2017-06-17 21:30:00,8573.79,6134.9,1701.09,1203.48,5418.55
2017-06-17 22:00:00,8386.05,5996.7,1669.8,1150.79,5267.49
2017-06-17 22:30:00,8325.72,5968.43,1605.97,1122.6,5133.44
2017-06-17 23:00:00,8171.57,5968.57,1552.07,1094.81,5046.66
2017-06-17 23:30:00,8097.69,5828.92,1514.64,1068.16,5289.78
2017-06-18 00:00:00,7975.6,5510.46,1725.4,1075.34,5253.38
2017-06-18 00:30:00,7728.82,5353.38,1621.69,1050.16,5014.93
2017-06-18 01:00:00,7468.48,5192.57,1525.84,997.16,4789.86
2017-06-18 01:30:00,7295.49,5099.25,1451.79,1013.19,4627.16
2017-06-18 02:00:00,7071.87,5020.12,1359.52,999.91,4379.65
2017-06-18 02:30:00,6769.15,4936.27,1329.65,1013.63,4225.06
2017-06-18 03:00:00,6608.04,4864.01,1287.76,1037.18,4127.5
2017-06-18 03:30:00,6383.83,4918.42,1219.62,1021.75,4061.42
2017-06-18 04:00:00,6370.94,4936.54,1174.91,1006.81,4007.2
2017-06-18 04:30:00,6350.58,4895.93,1168.81,1022.15,3954.52
2017-06-18 05:00:00,6356.73,4931.77,1164.78,1032.44,3971.58
2017-06-18 05:30:00,6483.71,5044.01,1169.95,1045.13,4016.2
2017-06-18 06:00:00,6562.46,5132.47,1178.6,1054.49,4054.62
2017-06-18 06:30:00,6752.6,5243.72,1207.07,1097.41,4177.13
2017-06-18 07:00:00,6976.56,5332.52,1235.88,1096.93,4301.07
2017-06-18 07:30:00,7272.5,5520.2,1242.26,1120.97,4377.66
2017-06-18 08:00:00,7721.78,5537.46,1301.14,1152.2,4591.76
2017-06-18 08:30:00,8018.05,5587.8,1357.62,1204.8,4808.09
2017-06-18 09:00:00,8213.5,5586.25,1411.81,1236.77,4961.74
2017-06-18 09:30:00,8334.96,5550.36,1433.84,1260.77,5030.89
2017-06-18 10:00:00,8341.25,5460.57,1429.84,1291.15,4979.69
2017-06-18 10:30:00,8376.92,5393.57,1418.84,1296.3,4955.24
2017-06-18 11:00:00,8386.55,5307.73,1405.58,1253.57,4866.39
2017-06-18 11:30:00,8325.32,5273.19,1377.38,1229.1,4743.66
2017-06-18 12:00:00,8197.72,5242.34,1387.81,1219.43,4623.07
2017-06-18 12:30:00,8104.16,5234.72,1361.17,1204.81,4580.83
2017-06-18 13:00:00,7963.26,5220.49,1312.61,1185.26,4525.77
2017-06-18 13:30:00,7955.71,5224.17,1236.48,1175.74,4526.09
2017-06-18 14:00:00,7851.73,5291.2,1177.84,1184.21,4561.58
2017-06-18 14:30:00,7841.71,5377.11,1174.7,1195.21,4557.9
2017-06-18 15:00:00,7965.08,5447.5,1177.58,1203.2,4578.6
2017-06-18 15:30:00,8053.18,5569.87,1192.94,1200.71,4673.99
2017-06-18 16:00:00,8247.71,5754.6,1253.4,1228.87,4810.95
2017-06-18 16:30:00,8602.62,6039.05,1322.29,1277.02,4994.68
2017-06-18 17:00:00,9032.55,6383.43,1417.48,1337.49,5347.32
2017-06-18 17:30:00,9582.7,6717.83,1544.07,1419.9,5736.9
2017-06-18 18:00:00,10132.44,6954.86,1708.94,1475.43,6090.85
2017-06-18 18:30:00,10154.09,6928.21,1889.24,1472.4,6131.51
2017-06-18 19:00:00,10086.51,6890.77,1907.58,1462.31,6035.59
2017-06-18 19:30:00,9847.33,6731.37,1880.79,1433.04,5883.43
2017-06-18 20:00:00,9643.36,6635.02,1849.45,1394.15,5776.4
2017-06-18 20:30:00,9517.7,6601.65,1806.04,1360.63,5644.95
2017-06-18 21:00:00,9361.42,6391.85,1786.62,1345.26,5520.51
2017-06-18 21:30:00,9162.45,6266.78,1751.89,1312.57,5351.01
2017-06-18 22:00:00,8912.9,6055.92,1676.79,1272.6,5126.09
2017-06-18 22:30:00,8706.74,6009.61,1603.4,1204.41,4941.66
2017-06-18 23:00:00,8348.67,5885.34,1519.39,1166.53,4867.51
2017-06-18 23:30:00,8151.97,5769.34,1477.47,1141.4,5061.89
2017-06-19 00:00:00,7939.5,5502.93,1655.82,1114.63,5093.42
2017-06-19 00:30:00,7685.35,5328.47,1559.01,1095.1,4884.89
2017-06-19 01:00:00,7527.6,5210.37,1491.67,1081.05,4703.11
2017-06-19 01:30:00,7384.52,5091.36,1403.74,1091.72,4549.13
2017-06-19 02:00:00,7193.07,5040.62,1321.51,1100.75,4361.09
2017-06-19 02:30:00,6914.6,4980.77,1275.78,1056.99,4237.24
2017-06-19 03:00:00,6731.57,4944.89,1239.7,1093.7,4131.48
2017-06-19 03:30:00,6628.4,4969.76,1220.87,1086.28,4087.32
2017-06-19 04:00:00,6603.87,4993.03,1181.92,1082.53,4065.15
2017-06-19 04:30:00,6663.37,5065.03,1172.6,1099.7,4072.04
2017-06-19 05:00:00,6793.62,5184.7,1194.69,1113.32,4146.56
2017-06-19 05:30:00,7208.85,5395.44,1214.69,1143.37,4362.86
2017-06-19 06:00:00,7624.5,5677.8,1268.5,1191.13,4637.73
2017-06-19 06:30:00,8380.4,6065.61,1339.11,1203.6,5096.97
2017-06-19 07:00:00,9172.91,6427.17,1482.38,1336.12,5665.73
2017-06-19 07:30:00,9651.21,6801.16,1639.41,1462.44,6040.02
2017-06-19 08:00:00,9988.83,6781.86,1804.85,1513.47,6440.29
2017-06-19 08:30:00,10006.61,6561.14,1925.78,1515.93,6548.38
2017-06-19 09:00:00,9796.77,6335.86,1883.7,1456.13,6539.91
2017-06-19 09:30:00,9618.14,6215.55,1821.08,1434.35,6550.48
2017-06-19 10:00:00,9398.85,6042.57,1711.05,1399.74,6466.14
2017-06-19 10:30:00,9202.83,5957.55,1604.81,1325.35,6319.45
2017-06-19 11:00:00,9062.1,5914.87,1481.12,1301.92,6171.99
2017-06-19 11:30:00,8863.23,5906.57,1419.8,1310.39,6018.69
2017-06-19 12:00:00,8762.11,5971.06,1361.45,1315.47,5969.54
2017-06-19 12:30:00,8706.06,6070.99,1350.95,1269.41,5914.56
2017-06-19 13:00:00,8620.15,6148.8,1314.02,1230.79,5829.86
2017-06-19 13:30:00,8589.62,6154.7,1320.65,1241.87,5818.0
2017-06-19 14:00:00,8605.58,6144.43,1345.34,1213.58,5850.35
2017-06-19 14:30:00,8659.15,6171.97,1349.64,1221.58,5787.17
2017-06-19 15:00:00,8662.78,6169.85,1339.9,1243.45,5812.67
2017-06-19 15:30:00,8710.61,6281.32,1370.18,1255.13,5839.12
2017-06-19 16:00:00,8955.43,6469.0,1407.26,1251.5,5956.74
2017-06-19 16:30:00,9285.13,6619.64,1479.12,1282.22,6164.78
2017-06-19 17:00:00,9739.2,6895.99,1552.75,1353.55,6332.53
2017-06-19 17:30:00,10371.5,7212.22,1681.88,1417.5,6604.11
2017-06-19 18:00:00,10806.45,7405.07,1880.75,1455.2,6856.2
2017-06-19 18:30:00,10788.51,7343.98,2021.49,1452.81,6887.71
2017-06-19 19:00:00,10665.07,7316.91,2067.69,1431.49,6702.17
2017-06-19 19:30:00,10438.0,7115.87,2054.59,1400.52,6509.62
2017-06-19 20:00:00,10233.13,7014.48,2022.88,1395.22,6386.8
2017-06-19 20:30:00,10056.45,6934.74,2003.9,1375.17,6180.58
2017-06-19 21:00:00,9767.65,6723.01,1951.96,1359.94,6065.03
2017-06-19 21:30:00,9470.98,6573.02,1902.02,1335.55,5819.32
2017-06-19 22:00:00,9158.89,6357.97,1820.33,1264.19,5560.6
2017-06-19 22:30:00,9125.42,6218.97,1719.33,1230.57,5306.31
2017-06-19 23:00:00,8847.34,6070.45,1597.39,1182.37,5127.91
2017-06-19 23:30:00,8694.53,5906.66,1528.9,1146.23,5379.73
2017-06-20 00:00:00,8558.13,5589.67,1703.14,1113.47,5373.45
2017-06-20 00:30:00,8366.11,5405.0,1576.03,1087.71,5115.84
2017-06-20 01:00:00,8231.48,5288.62,1490.38,1058.22,4942.83
2017-06-20 01:30:00,8012.93,5154.62,1372.63,1049.59,4750.58
2017-06-20 02:00:00,7801.69,5066.79,1314.27,1046.07,4575.96
2017-06-20 02:30:00,7443.7,5054.86,1234.76,1045.56,4415.88
2017-06-20 03:00:00,7238.56,5000.3,1200.38,1047.68,4266.78
2017-06-20 03:30:00,7036.66,4961.67,1177.39,1053.84,4198.46
2017-06-20 04:00:00,6928.49,4986.67,1146.85,1067.64,4138.25
2017-06-20 04:30:00,6919.48,5082.33,1117.13,1072.05,4144.75
2017-06-20 05:00:00,7027.9,5187.3,1116.43,1077.22,4219.6
2017-06-20 05:30:00,7423.4,5391.93,1117.66,1115.03,4415.22
2017-06-20 06:00:00,7823.79,5633.47,1170.34,1147.09,4702.79
2017-06-20 06:30:00,8595.46,6031.43,1250.7,1208.52,5226.59
2017-06-20 07:00:00,9288.2,6426.52,1383.27,1298.99,5712.15
2017-06-20 07:30:00,9658.98,6765.15,1536.68,1377.85,6076.84
2017-06-20 08:00:00,9906.15,6735.81,1694.14,1428.53,6397.25
2017-06-20 08:30:00,9865.41,6553.13,1790.33,1430.6,6516.98
2017-06-20 09:00:00,9610.03,6388.97,1792.48,1384.87,6392.35
2017-06-20 09:30:00,9525.21,6313.47,1721.12,1346.55,6280.12
2017-06-20 10:00:00,9396.75,6175.99,1632.9,1318.05,6030.37
2017-06-20 10:30:00,9247.08,6075.71,1516.43,1307.29,5828.61
2017-06-20 11:00:00,9143.48,6024.22,1415.94,1254.03,5666.26
2017-06-20 11:30:00,8928.52,5995.99,1321.03,1242.87,5534.9
2017-06-20 12:00:00,8805.73,5982.0,1271.24,1247.44,5420.1
2017-06-20 12:30:00,8722.72,5928.78,1236.35,1230.9,5359.69
2017-06-20 13:00:00,8646.78,5952.71,1230.62,1213.21,5294.12
2017-06-20 13:30:00,8528.17,5964.34,1219.02,1206.9,5274.82
2017-06-20 14:00:00,8551.1,5985.18,1212.77,1203.18,5301.79
2017-06-20 14:30:00,8507.36,6070.86,1196.73,1213.2,5291.37
2017-06-20 15:00:00,8500.24,6088.03,1222.82,1218.86,5311.95
2017-06-20 15:30:00,8595.35,6203.83,1250.97,1230.69,5365.96
2017-06-20 16:00:00,8699.8,6334.5,1315.01,1249.02,5487.2
2017-06-20 16:30:00,8985.51,6510.12,1397.34,1271.54,5671.68
2017-06-20 17:00:00,9492.79,6805.31,1508.55,1301.92,5933.3
2017-06-20 17:30:00,10143.2,7108.62,1633.36,1360.88,6344.83
2017-06-20 18:00:00,10623.15,7282.09,1809.99,1394.89,6720.57
2017-06-20 18:30:00,10667.4,7282.58,1998.56,1386.27,6776.4
2017-06-20 19:00:00,10614.1,7267.91,2058.48,1364.45,6659.55
2017-06-20 19:30:00,10430.92,7071.67,2063.36,1331.57,6511.91
2017-06-20 20:00:00,10272.86,6973.18,2047.97,1294.56,6426.8
2017-06-20 20:30:00,10095.96,6947.11,2027.99,1283.07,6270.17
2017-06-20 21:00:00,9871.24,6693.95,1996.53,1250.12,6104.78
2017-06-20 21:30:00,9588.18,6513.09,1931.32,1214.87,5896.32
2017-06-20 22:00:00,9317.2,6310.88,1859.68,1168.79,5626.62
2017-06-20 22:30:00,9249.65,6139.24,1764.18,1127.14,5365.85
2017-06-20 23:00:00,8906.02,6020.82,1663.09,1088.09,5208.74
2017-06-20 23:30:00,8717.74,5811.18,1591.81,1047.41,5446.61
2017-06-21 00:00:00,8596.37,5546.62,1768.17,1034.13,5347.44
2017-06-21 00:30:00,8392.28,5417.18,1647.25,1008.01,5120.57
2017-06-21 01:00:00,8232.9,5234.7,1563.63,996.89,4970.37
2017-06-21 01:30:00,8014.84,5121.98,1460.06,987.97,4772.92
2017-06-21 02:00:00,7828.55,5046.85,1384.23,986.09,4608.51
2017-06-21 02:30:00,7491.8,4977.11,1322.99,979.11,4481.01
2017-06-21 03:00:00,7193.58,4995.69,1298.01,979.63,4379.76
2017-06-21 03:30:00,7034.28,4955.35,1267.85,956.49,4321.74
2017-06-21 04:00:00,6919.49,4952.05,1238.84,956.25,4283.58
2017-06-21 04:30:00,6988.81,5086.3,1240.36,956.41,4305.84
2017-06-21 05:00:00,7117.92,5227.57,1241.77,980.57,4368.92
2017-06-21 05:30:00,7457.01,5515.78,1271.97,1019.84,4529.7
2017-06-21 06:00:00,7933.29,5777.33,1340.83,1043.57,4852.53
2017-06-21 06:30:00,8749.81,6226.15,1413.6,1150.19,5313.34
2017-06-21 07:00:00,9587.24,6560.28,1571.25,1236.64,5792.91
2017-06-21 07:30:00,10052.86,6913.84,1702.76,1338.56,6154.44
2017-06-21 08:00:00,10356.91,6870.34,1862.68,1430.88,6532.66
2017-06-21 08:30:00,10263.58,6670.38,1972.24,1411.0,6632.71
2017-06-21 09:00:00,9951.46,6407.86,1933.44,1387.01,6621.19
2017-06-21 09:30:00,9744.3,6255.83,1859.94,1359.93,6604.41
2017-06-21 10:00:00,9540.85,6083.2,1777.07,1280.25,6530.26
2017-06-21 10:30:00,9338.16,5982.56,1646.17,1272.75,6348.94
2017-06-21 11:00:00,9190.88,5894.66,1542.75,1240.4,6317.11
2017-06-21 11:30:00,8997.55,5800.01,1445.91,1209.45,6185.18
2017-06-21 12:00:00,8870.12,5779.9,1402.14,1165.3,6157.36
2017-06-21 12:30:00,8726.43,5769.98,1371.86,1124.28,6078.93
2017-06-21 13:00:00,8695.73,5809.52,1359.33,1168.93,6052.49
2017-06-21 13:30:00,8652.64,5882.11,1363.35,1170.24,6136.87
2017-06-21 14:00:00,8623.84,5917.28,1370.71,1180.2,6144.03
2017-06-21 14:30:00,8620.96,6019.68,1364.99,1208.8,6141.84
2017-06-21 15:00:00,8628.87,6115.85,1373.92,1202.89,6125.55
2017-06-21 15:30:00,8705.38,6182.5,1401.05,1185.19,6130.17
2017-06-21 16:00:00,8900.42,6323.68,1429.51,1241.99,6234.74
2017-06-21 16:30:00,9243.31,6520.08,1483.05,1292.3,6229.01
2017-06-21 17:00:00,9661.92,6788.3,1575.29,1369.61,6568.93
2017-06-21 17:30:00,10353.3,7115.61,1690.36,1431.49,6805.29
2017-06-21 18:00:00,10876.84,7342.69,1859.23,1476.28,7046.27
2017-06-21 18:30:00,10898.3,7397.08,2024.45,1472.85,7019.67
2017-06-21 19:00:00,10810.09,7367.14,2063.41,1464.48,6911.78
2017-06-21 19:30:00,10577.61,7195.76,2050.99,1438.11,6764.07
2017-06-21 20:00:00,10440.78,7108.06,2019.24,1424.7,6613.19
2017-06-21 20:30:00,10270.31,7008.97,1995.12,1407.36,6461.23
2017-06-21 21:00:00,10069.04,6763.33,1955.59,1379.41,6310.81
2017-06-21 21:30:00,9857.47,6631.53,1902.94,1336.23,6045.56
2017-06-21 22:00:00,9544.3,6423.19,1812.17,1301.17,5799.97
2017-06-21 22:30:00,9415.16,6297.37,1725.31,1252.18,5519.07
2017-06-21 23:00:00,9113.08,6221.84,1618.43,1195.92,5379.65
2017-06-21 23:30:00,8859.8,6049.9,1552.97,1165.78,5576.08
2017-06-22 00:00:00,8652.44,5688.83,1742.57,1133.18,5531.77
2017-06-22 00:30:00,8487.72,5500.42,1610.94,1105.19,5310.63
2017-06-22 01:00:00,8289.34,5300.29,1552.6,1094.76,5115.71
2017-06-22 01:30:00,8066.86,5167.64,1448.15,1085.31,4934.64
2017-06-22 02:00:00,7862.01,5079.97,1370.71,1057.76,4733.47
2017-06-22 02:30:00,7511.09,5087.36,1308.89,1057.55,4526.94
2017-06-22 03:00:00,7268.76,5045.77,1266.72,1047.58,4437.48
2017-06-22 03:30:00,7073.08,5065.77,1231.17,1068.9,4405.69
2017-06-22 04:00:00,6983.4,5063.98,1188.76,1064.81,4352.33
2017-06-22 04:30:00,6988.15,5118.13,1169.35,1063.13,4388.0
2017-06-22 05:00:00,7128.3,5240.74,1181.76,1065.79,4464.71
2017-06-22 05:30:00,7495.67,5431.12,1186.99,1098.03,4677.21
2017-06-22 06:00:00,7943.02,5668.67,1211.75,1135.97,4931.15
2017-06-22 06:30:00,8729.27,6099.65,1296.39,1216.12,5398.48
2017-06-22 07:00:00,9531.75,6431.89,1463.54,1309.8,5942.03
2017-06-22 07:30:00,9896.93,6800.52,1617.48,1427.01,6252.74
2017-06-22 08:00:00,10170.5,6773.89,1757.55,1508.9,6683.58
2017-06-22 08:30:00,10066.85,6607.81,1869.42,1531.1,6749.4
2017-06-22 09:00:00,9773.86,6386.2,1841.66,1517.26,6714.94
2017-06-22 09:30:00,9599.87,6252.01,1762.73,1484.36,6682.8
2017-06-22 10:00:00,9358.01,6048.7,1666.65,1462.02,6531.74
2017-06-22 10:30:00,9101.63,5949.78,1541.2,1434.51,6378.62
2017-06-22 11:00:00,8926.59,5847.86,1444.63,1408.87,6228.47
2017-06-22 11:30:00,8719.44,5829.35,1370.49,1335.31,6100.31
2017-06-22 12:00:00,8517.48,5805.88,1320.25,1294.55,6035.39
2017-06-22 12:30:00,8425.53,5805.1,1278.61,1266.14,5998.73
2017-06-22 13:00:00,8391.3,5856.28,1257.0,1238.91,6036.43
2017-06-22 13:30:00,8313.49,5879.0,1255.28,1172.9,6109.39
2017-06-22 14:00:00,8287.6,5936.69,1272.81,1210.81,6075.58
2017-06-22 14:30:00,8279.52,6012.7,1269.94,1243.48,6130.5
2017-06-22 15:00:00,8331.44,6062.93,1282.58,1229.43,6095.49
2017-06-22 15:30:00,8401.25,6151.93,1289.81,1260.26,6085.77
2017-06-22 16:00:00,8692.29,6284.21,1335.65,1297.22,6152.06
2017-06-22 16:30:00,9017.62,6506.46,1430.92,1341.36,6307.03
2017-06-22 17:00:00,9465.7,6733.53,1523.66,1399.68,6535.81
2017-06-22 17:30:00,10131.25,7053.32,1658.87,1442.97,6749.93
2017-06-22 18:00:00,10673.0,7284.68,1831.22,1492.46,7028.25
2017-06-22 18:30:00,10745.84,7279.41,2001.7,1524.79,7022.47
2017-06-22 19:00:00,10742.73,7298.18,2047.69,1521.98,6880.31
2017-06-22 19:30:00,10557.98,7171.35,2049.81,1516.3,6707.3
2017-06-22 20:00:00,10408.54,7130.08,2049.78,1481.92,6580.86
2017-06-22 20:30:00,10269.54,7084.87,2008.2,1443.65,6458.73
2017-06-22 21:00:00,10129.26,6882.72,1983.98,1372.22,6316.03
2017-06-22 21:30:00,9860.34,6660.19,1930.9,1332.35,6029.55
2017-06-22 22:00:00,9521.23,6409.79,1850.95,1312.75,5726.41
2017-06-22 22:30:00,9427.98,6253.06,1759.83,1244.41,5452.75
2017-06-22 23:00:00,9090.73,6167.64,1654.55,1191.72,5289.51
2017-06-22 23:30:00,8943.07,5972.5,1564.41,1144.75,5420.02
2017-06-23 00:00:00,8745.47,5689.65,1732.97,1105.61,5375.66
2017-06-23 00:30:00,8550.44,5466.32,1614.14,1045.44,5089.35
2017-06-23 01:00:00,8369.69,5358.45,1497.49,1022.7,4858.38
2017-06-23 01:30:00,8136.81,5226.73,1384.37,1008.49,4666.91
2017-06-23 02:00:00,7965.05,5156.34,1271.75,1000.87,4474.06
2017-06-23 02:30:00,7576.5,5115.26,1222.32,985.45,4338.14
2017-06-23 03:00:00,7287.36,5094.49,1183.05,968.67,4259.33
2017-06-23 03:30:00,7062.05,5091.01,1126.51,976.73,4159.52
2017-06-23 04:00:00,6946.87,5138.88,1083.04,986.9,4128.43
2017-06-23 04:30:00,6951.34,5203.9,1065.88,985.86,4121.05
2017-06-23 05:00:00,7093.5,5274.95,1065.12,1004.49,4241.71
2017-06-23 05:30:00,7458.12,5529.15,1093.86,1030.9,4401.71
2017-06-23 06:00:00,7955.04,5812.81,1136.55,1077.75,4654.29
2017-06-23 06:30:00,8742.4,6239.29,1226.15,1139.85,5100.53
2017-06-23 07:00:00,9495.56,6605.06,1358.45,1227.51,5636.89
2017-06-23 07:30:00,9960.35,6972.44,1494.06,1311.28,5995.51
2017-06-23 08:00:00,10366.67,6949.53,1664.94,1374.0,6327.84
2017-06-23 08:30:00,10414.47,6717.37,1756.99,1393.32,6496.85
2017-06-23 09:00:00,10192.92,6514.56,1756.18,1301.4,6388.85
2017-06-23 09:30:00,10074.43,6321.15,1678.9,1329.11,6271.12
2017-06-23 10:00:00,9858.29,6162.85,1613.24,1301.06,6085.92
2017-06-23 10:30:00,9572.52,6033.72,1524.49,1273.67,5938.91
2017-06-23 11:00:00,9357.89,5913.73,1479.47,1239.24,5789.62
2017-06-23 11:30:00,9174.34,5826.25,1418.16,1228.35,5665.24
2017-06-23 12:00:00,9080.96,5766.44,1453.78,1230.26,5573.62
2017-06-23 12:30:00,8885.86,5707.61,1387.18,1190.24,5499.4
2017-06-23 13:00:00,8781.17,5763.22,1318.69,1177.78,5430.0
2017-06-23 13:30:00,8669.4,5786.52,1310.77,1178.25,5489.58
2017-06-23 14:00:00,8652.95,5865.81,1445.01,1176.73,5568.23
2017-06-23 14:30:00,8566.61,5976.94,1405.72,1199.31,5567.32
2017-06-23 15:00:00,8458.59,6031.22,1382.02,1212.49,5650.36
2017-06-23 15:30:00,8543.39,6114.71,1461.29,1176.89,5635.13
2017-06-23 16:00:00,8777.68,6255.05,1488.97,1186.06,5791.63
2017-06-23 16:30:00,9085.28,6421.18,1545.08,1219.19,5955.84
2017-06-23 17:00:00,9607.01,6640.18,1591.34,1248.59,6149.58
2017-06-23 17:30:00,10159.91,6895.68,1671.51,1275.01,6445.05
2017-06-23 18:00:00,10574.75,7071.95,1772.2,1286.05,6636.13
2017-06-23 18:30:00,10565.93,7054.18,1930.07,1285.76,6599.79
2017-06-23 19:00:00,10448.56,7015.17,1970.46,1276.64,6408.54
2017-06-23 19:30:00,10236.45,6942.78,1945.65,1263.89,6289.36
2017-06-23 20:00:00,10077.04,6870.81,1909.04,1245.66,6139.22
2017-06-23 20:30:00,10029.76,6862.23,1904.88,1241.48,5997.52
2017-06-23 21:00:00,9794.02,6672.55,1860.77,1220.84,5852.15
2017-06-23 21:30:00,9617.9,6511.06,1809.52,1185.29,5655.07
2017-06-23 22:00:00,9351.42,6319.55,1769.44,1155.17,5477.21
2017-06-23 22:30:00,9366.76,6266.72,1701.59,1121.75,5275.7
2017-06-23 23:00:00,9056.57,6166.27,1647.56,1072.69,5150.6
2017-06-23 23:30:00,8921.28,5998.54,1602.55,1059.68,5356.3
2017-06-24 00:00:00,8777.73,5707.44,1760.76,1043.77,5338.57
2017-06-24 00:30:00,8464.02,5558.45,1661.58,1017.37,5071.67
2017-06-24 01:00:00,8258.17,5381.8,1553.61,1030.23,4864.93
2017-06-24 01:30:00,8009.19,5263.6,1449.75,1062.35,4629.58
2017-06-24 02:00:00,7755.79,5140.14,1356.68,1062.34,4420.45
2017-06-24 02:30:00,7372.25,5083.94,1306.09,1049.49,4298.55
2017-06-24 03:00:00,7082.04,5041.36,1262.81,1056.5,4136.57
2017-06-24 03:30:00,6814.24,5046.56,1222.26,1054.66,4074.88
2017-06-24 04:00:00,6644.16,5001.65,1191.89,1078.78,4022.31
2017-06-24 04:30:00,6622.38,5064.96,1152.37,1078.64,4050.75
2017-06-24 05:00:00,6595.51,5106.71,1172.16,1050.51,4091.27
2017-06-24 05:30:00,6773.63,5239.33,1157.86,1066.89,4174.33
2017-06-24 06:00:00,6955.44,5351.23,1191.9,1098.7,4280.19
2017-06-24 06:30:00,7313.57,5521.16,1211.23,1122.24,4476.62
2017-06-24 07:00:00,7726.9,5741.05,1288.44,1155.05,4678.02
2017-06-24 07:30:00,8106.82,5995.43,1348.89,1209.17,4775.19
2017-06-24 08:00:00,8690.73,6090.25,1446.38,1300.06,5052.72
2017-06-24 08:30:00,8974.13,6163.29,1528.67,1351.92,5376.11
2017-06-24 09:00:00,9082.3,6137.99,1558.91,1386.26,5514.71
2017-06-24 09:30:00,9076.28,6031.26,1551.51,1374.78,5585.97
2017-06-24 10:00:00,8818.48,5808.34,1472.17,1358.38,5508.64
2017-06-24 10:30:00,8618.05,5684.12,1386.29,1368.55,5409.71
2017-06-24 11:00:00,8395.58,5575.88,1303.37,1320.12,5283.68
2017-06-24 11:30:00,8163.52,5414.3,1263.49,1278.87,5136.92
2017-06-24 12:00:00,7947.02,5366.25,1254.54,1258.7,5038.44
2017-06-24 12:30:00,7763.51,5308.62,1217.82,1239.9,4921.9
2017-06-24 13:00:00,7633.23,5277.81,1161.27,1242.59,4927.22
2017-06-24 13:30:00,7505.45,5306.07,1149.17,1211.21,4940.53
2017-06-24 14:00:00,7479.92,5358.23,1216.56,1219.11,4954.7
2017-06-24 14:30:00,7446.14,5434.16,1198.02,1228.59,4991.06
2017-06-24 15:00:00,7446.82,5523.53,1181.09,1232.48,5054.11
2017-06-24 15:30:00,7622.26,5649.02,1182.49,1143.43,5125.71
2017-06-24 16:00:00,7855.0,5786.58,1211.41,1274.63,5288.26
2017-06-24 16:30:00,8175.99,6014.27,1276.98,1343.2,5428.67
2017-06-24 17:00:00,8732.63,6283.41,1367.11,1374.04,5744.3
2017-06-24 17:30:00,9345.69,6586.58,1493.42,1432.6,6040.81
2017-06-24 18:00:00,9839.89,6734.4,1647.07,1447.5,6352.9
2017-06-24 18:30:00,9904.58,6747.41,1794.44,1463.47,6290.49
2017-06-24 19:00:00,9791.49,6710.92,1792.8,1440.62,6134.81
2017-06-24 19:30:00,9645.38,6620.12,1776.2,1415.46,5960.77
2017-06-24 20:00:00,9509.72,6529.34,1733.82,1400.37,5838.39
2017-06-24 20:30:00,9377.96,6444.05,1702.92,1381.32,5694.34
2017-06-24 21:00:00,9186.92,6305.64,1661.22,1345.43,5576.17
2017-06-24 21:30:00,9038.41,6197.89,1641.57,1328.23,5418.29
2017-06-24 22:00:00,8927.15,6005.33,1603.44,1278.04,5281.73
2017-06-24 22:30:00,8848.14,5974.76,1548.64,1234.63,5164.69
2017-06-24 23:00:00,8619.32,5950.69,1494.96,1165.39,5074.49
2017-06-24 23:30:00,8481.72,5847.02,1479.32,1133.7,5291.53
2017-06-25 00:00:00,8261.82,5561.53,1677.0,1100.24,5298.4
2017-06-25 00:30:00,8049.0,5360.72,1547.95,1076.02,5051.1
2017-06-25 01:00:00,7810.24,5255.28,1478.85,1055.26,4846.82
2017-06-25 01:30:00,7551.2,5114.67,1360.69,1039.46,4643.21
2017-06-25 02:00:00,7342.97,5051.79,1265.2,1024.08,4416.59
2017-06-25 02:30:00,7031.55,4955.01,1215.51,1021.82,4218.92
2017-06-25 03:00:00,6805.34,4966.98,1161.07,1017.07,4091.05
2017-06-25 03:30:00,6635.73,4931.15,1107.53,1031.03,4039.35
2017-06-25 04:00:00,6516.23,4929.83,1064.5,1021.77,3963.98
2017-06-25 04:30:00,6505.46,4965.07,1032.72,1024.76,3951.32
2017-06-25 05:00:00,6507.6,4992.46,1002.93,1023.91,3925.23
2017-06-25 05:30:00,6566.53,5099.64,1005.18,1042.67,3963.84
2017-06-25 06:00:00,6742.52,5164.96,1018.01,1054.31,4013.0
2017-06-25 06:30:00,7027.94,5238.76,1035.12,1066.17,4129.63
2017-06-25 07:00:00,7339.56,5360.28,1063.27,1119.6,4256.63
2017-06-25 07:30:00,7720.61,5570.68,1110.58,1152.55,4301.93
2017-06-25 08:00:00,8231.4,5641.19,1131.24,1189.46,4510.37
2017-06-25 08:30:00,8668.61,5686.02,1204.62,1236.82,4759.94
2017-06-25 09:00:00,8835.08,5657.61,1251.93,1282.99,4916.83
2017-06-25 09:30:00,8905.76,5635.23,1300.57,1321.91,5035.52
2017-06-25 10:00:00,8784.27,5542.84,1280.24,1329.48,5040.7
2017-06-25 10:30:00,8568.24,5416.67,1229.1,1290.92,5034.43
2017-06-25 11:00:00,8286.28,5299.42,1207.13,1266.92,4898.88
2017-06-25 11:30:00,8023.5,5192.75,1219.83,1257.07,4801.75
2017-06-25 12:00:00,7828.22,5121.6,1221.14,1252.28,4795.45
2017-06-25 12:30:00,7706.07,5090.15,1210.43,1228.86,4813.8
2017-06-25 13:00:00,7545.95,5087.18,1253.56,1211.26,4792.31
2017-06-25 13:30:00,7457.57,5075.37,1236.75,1221.0,4911.77
2017-06-25 14:00:00,7415.42,5164.56,1279.89,1203.16,4961.51
2017-06-25 14:30:00,7475.88,5244.21,1276.89,1202.09,4984.73
2017-06-25 15:00:00,7531.7,5313.31,1267.31,1188.45,4985.23
2017-06-25 15:30:00,7745.37,5464.69,1268.81,1197.41,5073.61
2017-06-25 16:00:00,7986.92,5636.67,1333.27,1222.48,5082.77
2017-06-25 16:30:00,8401.81,5909.3,1418.56,1264.4,5243.67
2017-06-25 17:00:00,8878.3,6187.39,1520.72,1319.24,5526.88
2017-06-25 17:30:00,9549.88,6482.71,1621.82,1395.32,5825.63
2017-06-25 18:00:00,10122.77,6736.26,1774.3,1421.41,6151.25
2017-06-25 18:30:00,10269.57,6780.62,1908.44,1423.86,6168.9
2017-06-25 19:00:00,10193.4,6756.28,1921.11,1410.2,6066.82
2017-06-25 19:30:00,9990.33,6624.1,1886.29,1387.03,5925.59
2017-06-25 20:00:00,9808.96,6488.81,1842.42,1360.15,5845.12
2017-06-25 20:30:00,9693.52,6450.11,1807.49,1343.55,5699.43
2017-06-25 21:00:00,9510.7,6288.81,1802.32,1304.85,5583.99
2017-06-25 21:30:00,9299.53,6168.44,1705.95,1260.56,5420.23
2017-06-25 22:00:00,9024.68,6040.02,1620.39,1226.26,5202.68
2017-06-25 22:30:00,8716.8,5994.52,1557.85,1179.91,5016.59
2017-06-25 23:00:00,8394.11,5880.49,1499.9,1136.28,4893.18
2017-06-25 23:30:00,8235.38,5750.1,1450.81,1106.56,5127.17
2017-06-26 00:00:00,7942.6,5497.47,1650.61,1080.4,5150.09
2017-06-26 00:30:00,7718.88,5337.08,1550.6,1081.85,4940.87
2017-06-26 01:00:00,7558.95,5202.46,1476.99,1077.51,4771.87
2017-06-26 01:30:00,7443.38,5064.29,1410.38,1083.4,4586.45
2017-06-26 02:00:00,7275.85,4991.87,1321.76,1067.26,4381.29
2017-06-26 02:30:00,7004.88,4949.8,1276.04,1068.07,4199.07
2017-06-26 03:00:00,6852.37,4926.35,1240.01,1066.76,4149.05
2017-06-26 03:30:00,6749.3,4943.17,1208.5,1071.74,4096.9
2017-06-26 04:00:00,6681.61,4929.03,1196.37,1076.46,4062.02
2017-06-26 04:30:00,6742.13,5036.2,1184.72,1111.88,4086.25
2017-06-26 05:00:00,6848.58,5147.57,1203.66,1130.56,4163.62
2017-06-26 05:30:00,7240.7,5380.66,1211.92,1161.36,4356.32
2017-06-26 06:00:00,7667.74,5663.94,1280.5,1188.63,4628.87
2017-06-26 06:30:00,8538.31,6012.24,1341.02,1259.82,5146.41
2017-06-26 07:00:00,9474.84,6313.61,1462.49,1392.16,5651.07
2017-06-26 07:30:00,10075.78,6591.44,1614.58,1523.33,6058.88
2017-06-26 08:00:00,10449.74,6593.35,1760.31,1587.43,6427.08
2017-06-26 08:30:00,10453.48,6478.72,1878.92,1596.44,6638.74
2017-06-26 09:00:00,10121.7,6313.52,1892.61,1539.11,6588.72
2017-06-26 09:30:00,9892.57,6243.97,1853.33,1516.36,6583.14
2017-06-26 10:00:00,9684.43,6060.03,1797.1,1421.31,6470.61
2017-06-26 10:30:00,9457.91,5984.87,1743.27,1378.23,6361.37
2017-06-26 11:00:00,9188.84,5873.73,1666.02,1341.49,6221.94
2017-06-26 11:30:00,8932.1,5570.01,1599.55,1348.18,6151.84
2017-06-26 12:00:00,8753.18,5365.69,1561.74,1330.66,6153.13
2017-06-26 12:30:00,8594.44,5369.36,1532.28,1327.8,6142.91
2017-06-26 13:00:00,8558.35,5787.13,1499.96,1332.71,6089.13
2017-06-26 13:30:00,8482.15,5829.04,1479.52,1343.22,6151.55
2017-06-26 14:00:00,8445.77,5925.03,1496.35,1353.79,6155.88
2017-06-26 14:30:00,8480.78,6028.86,1506.05,1349.78,6134.15
2017-06-26 15:00:00,8518.26,6116.22,1510.68,1344.36,6132.99
2017-06-26 15:30:00,8617.41,6219.21,1524.73,1356.14,6129.68
2017-06-26 16:00:00,8848.7,6376.63,1543.25,1372.16,6195.12
2017-06-26 16:30:00,9165.39,6561.48,1619.05,1423.11,6344.62
2017-06-26 17:00:00,9753.02,6779.43,1692.53,1493.64,6539.28
2017-06-26 17:30:00,10523.77,7042.84,1803.35,1563.21,6795.62
2017-06-26 18:00:00,11218.64,7224.39,1962.25,1607.07,7114.69
2017-06-26 18:30:00,11267.5,7213.04,2119.55,1621.9,7108.2
2017-06-26 19:00:00,11262.8,7201.45,2158.57,1613.02,6932.56
2017-06-26 19:30:00,11039.55,7054.06,2126.75,1582.27,6717.77
2017-06-26 20:00:00,10796.43,6971.95,2091.4,1551.55,6562.94
2017-06-26 20:30:00,10699.65,6860.31,2036.27,1532.73,6418.18
2017-06-26 21:00:00,10429.19,6641.24,1985.8,1496.75,6226.92
2017-06-26 21:30:00,10119.94,6485.72,1905.62,1449.92,6009.21
2017-06-26 22:00:00,9680.46,6267.11,1851.56,1389.79,5725.29
2017-06-26 22:30:00,9535.77,6197.79,1743.04,1362.16,5508.93
2017-06-26 23:00:00,9171.66,6129.86,1635.19,1310.64,5366.72
2017-06-26 23:30:00,8944.0,5961.71,1582.49,1257.65,5552.82
2017-06-27 00:00:00,8823.27,5635.59,1752.06,1229.6,5528.73
2017-06-27 00:30:00,8661.0,5428.77,1617.75,1213.93,5273.1
2017-06-27 01:00:00,8457.84,5268.98,1566.24,1193.53,5131.47
2017-06-27 01:30:00,8278.46,5133.0,1471.5,1186.56,4925.63
2017-06-27 02:00:00,8085.12,5012.24,1393.72,1175.09,4736.86
2017-06-27 02:30:00,7705.22,4971.79,1318.83,1171.22,4603.83
2017-06-27 03:00:00,7469.34,4938.87,1283.66,1161.3,4452.0
2017-06-27 03:30:00,7226.78,4969.71,1247.19,1167.97,4392.96
2017-06-27 04:00:00,7225.94,4985.23,1209.48,1179.53,4388.99
2017-06-27 04:30:00,7210.95,5084.1,1190.79,1189.95,4391.1
2017-06-27 05:00:00,7351.99,5189.07,1189.76,1209.27,4494.24
2017-06-27 05:30:00,7765.9,5402.62,1207.44,1256.6,4659.69
2017-06-27 06:00:00,8231.72,5664.89,1258.18,1308.5,4898.03
2017-06-27 06:30:00,9080.69,6064.24,1326.46,1391.88,5392.49
2017-06-27 07:00:00,9992.01,6337.83,1463.16,1499.01,5973.58
2017-06-27 07:30:00,10417.29,6618.9,1594.14,1617.53,6296.86
2017-06-27 08:00:00,10816.72,6584.21,1741.55,1694.86,6670.43
2017-06-27 08:30:00,10697.91,6606.25,1831.73,1708.65,6839.67
2017-06-27 09:00:00,10461.54,6614.8,1814.08,1676.36,6808.56
2017-06-27 09:30:00,10293.26,6513.19,1750.79,1654.06,6875.73
2017-06-27 10:00:00,10131.79,6389.49,1696.91,1603.2,6748.77
2017-06-27 10:30:00,9903.67,6289.4,1593.63,1553.67,6668.7
2017-06-27 11:00:00,9738.31,6166.71,1538.07,1510.04,6601.69
2017-06-27 11:30:00,9612.89,6145.48,1482.38,1488.22,6520.93
2017-06-27 12:00:00,9440.08,6068.76,1378.71,1483.99,6467.77
2017-06-27 12:30:00,9358.49,6097.15,1371.49,1460.09,6462.61
2017-06-27 13:00:00,9286.9,6122.04,1359.94,1430.53,6430.86
2017-06-27 13:30:00,9297.46,6189.0,1353.89,1414.92,6459.8
2017-06-27 14:00:00,9318.5,6204.46,1380.92,1400.88,6485.1
2017-06-27 14:30:00,9380.01,6197.68,1359.19,1407.46,6493.73
2017-06-27 15:00:00,9357.5,6283.19,1358.31,1405.34,6509.24
2017-06-27 15:30:00,9444.8,6355.55,1363.66,1420.97,6517.95
2017-06-27 16:00:00,9722.26,6441.72,1425.06,1455.43,6589.46
2017-06-27 16:30:00,9953.04,6567.24,1477.17,1501.58,6664.48
2017-06-27 17:00:00,10428.48,6794.39,1582.66,1540.72,6849.33
2017-06-27 17:30:00,11132.58,7082.99,1717.91,1584.81,7071.49
2017-06-27 18:00:00,11532.84,7241.96,1892.02,1612.82,7357.3
2017-06-27 18:30:00,11541.34,7215.71,2054.18,1631.26,7309.72
2017-06-27 19:00:00,11433.74,7203.73,2103.47,1603.37,7122.69
2017-06-27 19:30:00,11179.25,7033.11,2123.44,1586.97,6931.39
2017-06-27 20:00:00,10949.85,6938.44,2070.9,1559.67,6746.82
2017-06-27 20:30:00,10755.17,6838.01,2044.5,1537.16,6605.15
2017-06-27 21:00:00,10477.79,6599.33,1993.88,1518.14,6382.32
2017-06-27 21:30:00,10162.54,6484.58,1913.4,1452.62,6091.66
2017-06-27 22:00:00,9750.39,6309.15,1836.4,1390.16,5835.26
2017-06-27 22:30:00,9618.25,6173.05,1743.22,1325.85,5537.98
2017-06-27 23:00:00,9170.49,6068.8,1633.25,1261.94,5350.4
2017-06-27 23:30:00,8983.05,5915.71,1576.24,1221.83,5506.71
2017-06-28 00:00:00,8722.87,5638.95,1752.64,1186.01,5465.86
2017-06-28 00:30:00,8564.46,5421.83,1632.91,1158.52,5232.61
2017-06-28 01:00:00,8413.6,5279.91,1576.63,1137.76,5049.95
2017-06-28 01:30:00,8189.74,5114.84,1479.32,1125.0,4843.2
2017-06-28 02:00:00,7974.53,5058.63,1376.81,1112.24,4649.05
2017-06-28 02:30:00,7606.07,5044.63,1328.7,1121.88,4477.82
2017-06-28 03:00:00,7318.08,5038.02,1294.23,1118.38,4364.64
2017-06-28 03:30:00,7123.52,5012.98,1245.67,1120.64,4303.86
2017-06-28 04:00:00,6993.53,5039.64,1211.11,1122.28,4284.75
2017-06-28 04:30:00,7013.88,5131.03,1207.28,1131.23,4303.99
2017-06-28 05:00:00,7099.81,5224.27,1230.14,1143.1,4351.32
2017-06-28 05:30:00,7510.57,5433.02,1251.48,1175.52,4490.5
2017-06-28 06:00:00,7929.65,5692.52,1304.74,1232.18,4829.99
2017-06-28 06:30:00,8738.62,6040.66,1361.26,1342.73,5337.37
2017-06-28 07:00:00,9493.19,6291.76,1513.12,1443.08,5836.38
2017-06-28 07:30:00,9954.62,6584.46,1653.17,1560.45,6258.71
2017-06-28 08:00:00,10279.27,6588.24,1791.07,1631.39,6635.01
2017-06-28 08:30:00,10340.53,6514.81,1878.97,1638.78,6798.67
2017-06-28 09:00:00,10084.04,6438.68,1887.12,1601.01,6745.88
2017-06-28 09:30:00,9959.98,6322.57,1807.86,1588.38,6773.44
2017-06-28 10:00:00,9814.42,6160.4,1753.12,1521.25,6673.44
2017-06-28 10:30:00,9803.13,6059.49,1682.25,1488.15,6580.46
2017-06-28 11:00:00,9726.92,5971.54,1580.28,1449.24,6518.07
2017-06-28 11:30:00,9608.12,5967.83,1511.61,1426.12,6280.4
2017-06-28 12:00:00,9572.0,5970.65,1493.74,1414.06,6277.26
2017-06-28 12:30:00,9613.59,5997.99,1493.1,1391.51,6193.18
2017-06-28 13:00:00,9704.58,6041.09,1520.99,1361.74,6144.03
2017-06-28 13:30:00,9727.75,6092.89,1533.13,1353.62,6212.04
2017-06-28 14:00:00,9690.84,6164.08,1568.32,1349.98,6183.58
2017-06-28 14:30:00,9672.25,6276.18,1566.34,1374.75,6139.72
2017-06-28 15:00:00,9651.98,6277.9,1646.35,1386.57,6137.38
2017-06-28 15:30:00,9668.76,6374.0,1671.45,1395.07,6153.94
2017-06-28 16:00:00,9863.84,6470.0,1686.34,1417.38,6198.84
2017-06-28 16:30:00,10166.5,6611.62,1745.58,1452.29,6315.83
2017-06-28 17:00:00,10544.56,6776.68,1814.9,1508.26,6515.23
2017-06-28 17:30:00,11098.74,6984.35,1897.61,1575.58,6778.79
2017-06-28 18:00:00,11454.98,7114.71,2008.53,1606.38,7101.16
2017-06-28 18:30:00,11468.72,7101.99,2120.13,1599.93,7094.86
2017-06-28 19:00:00,11396.24,7081.22,2100.19,1582.55,7019.05
2017-06-28 19:30:00,11084.58,6961.49,2061.93,1557.65,6829.58
2017-06-28 20:00:00,10928.65,6885.37,2076.6,1536.09,6704.25
2017-06-28 20:30:00,10702.02,6852.84,2034.54,1522.05,6542.07
2017-06-28 21:00:00,10459.88,6632.95,1930.44,1453.06,6347.48
2017-06-28 21:30:00,10159.99,6496.73,1872.97,1445.17,6147.36
2017-06-28 22:00:00,9795.5,6262.87,1789.51,1386.51,5926.01
2017-06-28 22:30:00,9603.78,6185.79,1646.03,1342.61,5619.34
2017-06-28 23:00:00,9207.18,6104.77,1543.0,1285.94,5439.6
2017-06-28 23:30:00,9017.79,5925.81,1477.38,1234.68,5597.84
2017-06-29 00:00:00,8813.26,5602.3,1640.19,1202.28,5546.26
2017-06-29 00:30:00,8608.37,5421.81,1538.39,1187.95,5332.5
2017-06-29 01:00:00,8399.07,5282.07,1428.29,1159.04,5147.67
2017-06-29 01:30:00,8216.49,5165.08,1312.09,1149.23,4935.73
2017-06-29 02:00:00,8002.92,5090.25,1254.01,1137.19,4732.61
2017-06-29 02:30:00,7633.08,5027.01,1201.41,1109.78,4550.92
2017-06-29 03:00:00,7343.17,5000.88,1111.78,1089.86,4433.52
2017-06-29 03:30:00,7144.05,4981.4,1077.03,1106.46,4346.51
2017-06-29 04:00:00,7041.76,5046.64,1025.62,1123.56,4312.59
2017-06-29 04:30:00,7057.21,5111.43,1026.99,1119.31,4317.32
2017-06-29 05:00:00,7165.62,5198.69,1048.49,1127.85,4349.05
2017-06-29 05:30:00,7523.39,5424.97,1061.52,1158.88,4462.04
2017-06-29 06:00:00,8015.28,5650.98,1141.64,1187.92,4723.42
2017-06-29 06:30:00,8767.83,5983.66,1213.28,1285.16,5151.21
2017-06-29 07:00:00,9528.98,6275.08,1308.89,1346.42,5694.15
2017-06-29 07:30:00,10047.95,6525.16,1495.69,1450.81,6052.32
2017-06-29 08:00:00,10424.84,6502.5,1702.53,1499.37,6420.04
2017-06-29 08:30:00,10548.57,6446.21,1771.89,1512.14,6522.52
2017-06-29 09:00:00,10390.3,6358.33,1787.34,1494.78,6471.12
2017-06-29 09:30:00,10298.88,6305.21,1741.67,1453.4,6487.18
2017-06-29 10:00:00,10082.22,6152.89,1676.26,1420.41,6412.48
2017-06-29 10:30:00,9909.16,6046.74,1654.73,1383.78,6280.13
2017-06-29 11:00:00,9832.59,5999.89,1556.91,1378.46,6254.76
2017-06-29 11:30:00,9582.13,5935.9,1517.59,1368.36,6184.33
2017-06-29 12:00:00,9447.43,5917.08,1457.79,1357.66,6085.93
2017-06-29 12:30:00,9329.36,5918.96,1469.43,1348.89,6031.3
2017-06-29 13:00:00,9151.65,5919.45,1482.44,1343.3,6009.09
2017-06-29 13:30:00,9020.91,5965.32,1444.07,1317.86,5990.79
2017-06-29 14:00:00,8947.26,6054.57,1471.64,1322.44,5902.42
2017-06-29 14:30:00,8885.32,6171.62,1509.65,1317.36,5831.54
2017-06-29 15:00:00,8879.73,6228.58,1494.71,1297.74,5866.57
2017-06-29 15:30:00,8904.0,6333.17,1479.72,1292.87,5935.72
2017-06-29 16:00:00,9135.47,6430.12,1456.78,1310.56,6061.03
2017-06-29 16:30:00,9424.56,6580.9,1519.09,1344.41,6260.39
2017-06-29 17:00:00,9909.87,6793.44,1608.79,1408.13,6509.09
2017-06-29 17:30:00,10596.49,6980.72,1750.54,1484.93,6695.38
2017-06-29 18:00:00,11215.69,7161.33,1921.44,1522.94,6901.79
2017-06-29 18:30:00,11285.48,7134.39,2064.13,1522.77,6902.17
2017-06-29 19:00:00,11191.88,7126.5,2114.45,1506.49,6749.47
2017-06-29 19:30:00,10980.51,7031.01,2123.78,1499.61,6615.95
2017-06-29 20:00:00,10820.22,6925.88,2070.43,1473.06,6482.04
2017-06-29 20:30:00,10700.81,6839.61,2045.04,1455.36,6297.63
2017-06-29 21:00:00,10444.8,6668.52,2002.42,1448.98,6169.72
2017-06-29 21:30:00,10143.65,6503.0,1941.9,1412.45,5919.23
2017-06-29 22:00:00,9825.04,6286.31,1872.56,1355.31,5737.25
2017-06-29 22:30:00,9713.4,6208.06,1769.98,1291.15,5475.04
2017-06-29 23:00:00,9372.67,6149.75,1675.66,1235.96,5262.61
2017-06-29 23:30:00,9132.9,5934.25,1600.74,1205.56,5435.59
2017-06-30 00:00:00,8849.95,5625.39,1776.64,1173.67,5473.59
2017-06-30 00:30:00,8650.38,5456.66,1671.55,1149.18,5191.26
2017-06-30 01:00:00,8420.3,5297.58,1589.37,1122.22,4963.13
2017-06-30 01:30:00,8176.72,5180.1,1482.16,1111.58,4798.25
2017-06-30 02:00:00,7973.52,5064.32,1415.17,1131.05,4556.33
2017-06-30 02:30:00,7600.77,5043.17,1379.08,1093.62,4460.26
2017-06-30 03:00:00,7335.63,4984.27,1334.57,1109.45,4361.4
2017-06-30 03:30:00,7179.43,4995.27,1293.63,1113.11,4271.93
2017-06-30 04:00:00,7058.0,5017.41,1255.44,1128.21,4252.23
2017-06-30 04:30:00,7067.39,5056.15,1253.83,1128.46,4270.1
2017-06-30 05:00:00,7199.2,5187.34,1261.45,1139.79,4336.15
2017-06-30 05:30:00,7617.75,5404.05,1285.06,1183.69,4518.21
2017-06-30 06:00:00,8020.23,5662.66,1347.51,1231.04,4792.71
2017-06-30 06:30:00,8891.03,5955.66,1429.34,1322.1,5278.8
2017-06-30 07:00:00,9704.27,6145.91,1572.27,1433.73,5772.72
2017-06-30 07:30:00,10223.95,6445.28,1730.45,1537.51,6100.13
2017-06-30 08:00:00,10566.41,6487.78,1873.47,1633.0,6532.38
2017-06-30 08:30:00,10596.01,6497.88,1981.41,1640.16,6712.83
2017-06-30 09:00:00,10359.11,6420.29,1984.18,1605.65,6682.52
2017-06-30 09:30:00,10122.54,6285.82,1888.65,1572.57,6722.81
2017-06-30 10:00:00,9825.79,6065.83,1806.27,1551.51,6604.72
2017-06-30 10:30:00,9623.92,5939.04,1679.52,1501.63,6416.31
2017-06-30 11:00:00,9382.08,5867.03,1582.73,1452.99,6222.75
2017-06-30 11:30:00,9151.92,5792.64,1478.25,1424.53,6090.66
2017-06-30 12:00:00,8939.34,5759.87,1432.46,1386.34,6035.8
2017-06-30 12:30:00,8821.81,5772.35,1403.63,1372.33,5968.22
2017-06-30 13:00:00,8679.12,5782.94,1400.91,1359.49,5879.9
2017-06-30 13:30:00,8591.45,5794.18,1371.68,1345.73,5942.19
2017-06-30 14:00:00,8533.5,5856.11,1362.99,1339.17,5969.11
2017-06-30 14:30:00,8507.42,5911.3,1354.2,1341.24,5825.51
2017-06-30 15:00:00,8516.68,5995.66,1375.4,1339.35,5864.71
2017-06-30 15:30:00,8664.43,6072.81,1401.71,1340.07,5927.45
2017-06-30 16:00:00,8949.82,6205.65,1422.92,1354.45,6027.29
2017-06-30 16:30:00,9329.67,6421.44,1488.04,1413.2,6121.9
2017-06-30 17:00:00,9991.01,6661.78,1584.78,1487.07,6331.32
2017-06-30 17:30:00,10755.06,6881.92,1735.05,1554.2,6677.17
2017-06-30 18:00:00,11345.58,6984.47,1908.02,1594.03,6945.46
2017-06-30 18:30:00,11413.92,6977.95,2077.77,1607.34,6981.36
2017-06-30 19:00:00,11399.41,7000.84,2097.11,1593.9,6873.86
2017-06-30 19:30:00,11155.1,6882.8,2099.39,1572.71,6727.76
2017-06-30 20:00:00,11041.48,6819.08,2043.25,1561.01,6630.69
2017-06-30 20:30:00,10921.29,6768.6,1999.73,1550.78,6498.01
2017-06-30 21:00:00,10758.48,6597.45,1941.06,1522.33,6382.05
2017-06-30 21:30:00,10530.05,6464.41,1892.15,1496.49,6195.05
2017-06-30 22:00:00,10234.51,6330.45,1820.52,1440.01,5981.25
2017-06-30 22:30:00,10101.01,6232.2,1720.45,1407.56,5805.33
2017-06-30 23:00:00,9721.39,6172.7,1632.4,1357.44,5671.83
2017-06-30 23:30:00,9518.23,6009.25,1546.85,1314.25,5906.15
2017-07-01 00:00:00,9372.44,5695.22,1713.66,1283.71,5825.5
